<?xml version="1.0" encoding="UTF-8" standalone="no" ?>
<COLLADA xmlns="http://www.collada.org/2005/11/COLLADASchema" version="1.4.1">
    <asset>
        <contributor>
            <authoring_tool>SketchUp 24.0.553</authoring_tool>
        </contributor>
        <created>2026-09-28T15:10:25Z</created>
        <modified>2026-09-28T15:10:25Z</modified>
        <unit meter="0.0254" name="inch" />
        <up_axis>Z_UP</up_axis>
    </asset>
    <library_cameras>
        <camera id="ID1" name="skp_camera_Last_Saved_SketchUp_View">
            <optics>
                <technique_common>
                    <perspective>
                        <yfov>35</yfov>
                        <aspect_ratio>0</aspect_ratio>
                        <znear>1</znear>
                        <zfar>1000</zfar>
                    </perspective>
                </technique_common>
            </optics>
        </camera>
    </library_cameras>
    <library_visual_scenes>
        <visual_scene id="ID2">
            <node name="SketchUp">
                <node name="skp_camera_Last_Saved_SketchUp_View">
                    <matrix>0.5893858 -0.1416637 0.7953337 771.694 0.8078517 0.1033538 -0.5802531 -409.8012 1.387779e-17 0.9845046 0.1753585 274.3222 0 0 0 1</matrix>
                    <instance_camera url="#ID1" />
                </node>
                <node id="ID3" name="group_0">
                    <matrix>1 0 0 39.37008 0 1 0 39.37008 0 0 1 4.440892e-15 0 0 0 1</matrix>
                    <instance_geometry url="#ID38">
                        <bind_material>
                            <technique_common>
                                <instance_material symbol="Material2" target="#ID39">
                                    <bind_vertex_input semantic="UVSET0" input_semantic="TEXCOORD" input_set="0" />
                                </instance_material>
                            </technique_common>
                        </bind_material>
                    </instance_geometry>
                    <node id="ID4" name="instance_0">
                        <matrix>1 0 0 39.37008 0 1 0 0 0 0 1 3.819167e-14 0 0 0 1</matrix>
                        <instance_node url="#ID5" />
                    </node>
                    <node id="ID22" name="instance_1">
                        <matrix>1 0 0 0 0 1 0 0 0 0 1 0 0 0 0 1</matrix>
                        <instance_node url="#ID23" />
                    </node>
                </node>
                <node id="ID44" name="group_1">
                    <matrix>1.490129e-08 1 0 196.8504 -1 1.490129e-08 0 118.1102 0 -0 1 0 0 0 0 1</matrix>
                    <instance_geometry url="#ID65">
                        <bind_material>
                            <technique_common>
                                <instance_material symbol="Material2" target="#ID39">
                                    <bind_vertex_input semantic="UVSET0" input_semantic="TEXCOORD" input_set="0" />
                                </instance_material>
                            </technique_common>
                        </bind_material>
                    </instance_geometry>
                    <node id="ID45" name="instance_2">
                        <matrix>1 0 0 0 0 1 0 0 0 0 1 0 0 0 0 1</matrix>
                        <instance_node url="#ID46" />
                    </node>
                </node>
                <node id="ID69" name="group_2">
                    <matrix>1 0 0 39.37008 0 1 0 39.37008 0 0 1 118.1102 0 0 0 1</matrix>
                    <instance_geometry url="#ID72">
                        <bind_material>
                            <technique_common>
                                <instance_material symbol="Material2" target="#ID39">
                                    <bind_vertex_input semantic="UVSET0" input_semantic="TEXCOORD" input_set="0" />
                                </instance_material>
                            </technique_common>
                        </bind_material>
                    </instance_geometry>
                    <node id="ID70" name="instance_0">
                        <matrix>1 0 0 39.37008 0 1 0 0 0 0 1 3.819167e-14 0 0 0 1</matrix>
                        <instance_node url="#ID5" />
                    </node>
                    <node id="ID71" name="instance_1">
                        <matrix>1 0 0 0 0 1 0 0 0 0 1 0 0 0 0 1</matrix>
                        <instance_node url="#ID23" />
                    </node>
                </node>
                <node id="ID76" name="instance_5">
                    <matrix>1 0 0 0 0 1 0 0 0 0 1 0 0 0 0 1</matrix>
                    <instance_node url="#ID77" />
                </node>
                <node id="ID88" name="instance_6">
                    <matrix>1 0 0 196.8504 0 1 0 39.37008 0 0 1 39.37008 0 0 0 1</matrix>
                    <instance_node url="#ID89" />
                </node>
                <node id="ID103" name="instance_7">
                    <matrix>1 0 0 118.1102 0 1 0 39.37008 0 0 1 4.263256e-14 0 0 0 1</matrix>
                    <instance_node url="#ID104" />
                </node>
                <node id="ID113" name="instance_8">
                    <matrix>1 0 0 -2.842171e-14 0 1 0 -1.421085e-14 0 0 1 -39.37008 0 0 0 1</matrix>
                    <instance_node url="#ID114" />
                </node>
                <node id="ID121" name="instance_9">
                    <matrix>1 0 0 78.74016 0 1 0 -1.421085e-14 0 0 1 -39.37008 0 0 0 1</matrix>
                    <instance_node url="#ID114" />
                </node>
                <node id="ID122" name="instance_10">
                    <matrix>1 0 0 118.1102 0 1 0 -1.421085e-14 0 0 1 -39.37008 0 0 0 1</matrix>
                    <instance_node url="#ID114" />
                </node>
                <node id="ID123" name="instance_11">
                    <matrix>1 0 0 157.4803 0 1 0 -1.421085e-14 0 0 1 -39.37008 0 0 0 1</matrix>
                    <instance_node url="#ID114" />
                </node>
                <node id="ID124" name="instance_12">
                    <matrix>1 0 0 196.8504 0 1 0 -1.421085e-14 0 0 1 -39.37008 0 0 0 1</matrix>
                    <instance_node url="#ID114" />
                </node>
                <node id="ID125" name="instance_13">
                    <matrix>1 0 0 196.8504 0 1 0 39.37008 0 0 1 -39.37008 0 0 0 1</matrix>
                    <instance_node url="#ID114" />
                </node>
                <node id="ID126" name="instance_14">
                    <matrix>1 0 0 157.4803 0 1 0 39.37008 0 0 1 -39.37008 0 0 0 1</matrix>
                    <instance_node url="#ID114" />
                </node>
                <node id="ID127" name="instance_15">
                    <matrix>1 0 0 78.74016 0 1 0 39.37008 0 0 1 -39.37008 0 0 0 1</matrix>
                    <instance_node url="#ID114" />
                </node>
                <node id="ID128" name="instance_16">
                    <matrix>1 0 0 118.1102 0 1 0 39.37008 0 0 1 -39.37008 0 0 0 1</matrix>
                    <instance_node url="#ID114" />
                </node>
                <node id="ID129" name="instance_17">
                    <matrix>1 0 0 -2.842171e-14 0 1 0 39.37008 0 0 1 -39.37008 0 0 0 1</matrix>
                    <instance_node url="#ID114" />
                </node>
                <node id="ID130" name="instance_18">
                    <matrix>1 0 0 196.8504 0 1 0 78.74016 0 0 1 -39.37008 0 0 0 1</matrix>
                    <instance_node url="#ID114" />
                </node>
                <node id="ID131" name="instance_19">
                    <matrix>1 0 0 157.4803 0 1 0 78.74016 0 0 1 -39.37008 0 0 0 1</matrix>
                    <instance_node url="#ID114" />
                </node>
                <node id="ID132" name="instance_20">
                    <matrix>1 0 0 78.74016 0 1 0 78.74016 0 0 1 -39.37008 0 0 0 1</matrix>
                    <instance_node url="#ID114" />
                </node>
                <node id="ID133" name="instance_21">
                    <matrix>1 0 0 118.1102 0 1 0 78.74016 0 0 1 -39.37008 0 0 0 1</matrix>
                    <instance_node url="#ID114" />
                </node>
                <node id="ID134" name="instance_22">
                    <matrix>1 0 0 78.74016 0 1 0 157.4803 0 0 1 -39.37008 0 0 0 1</matrix>
                    <instance_node url="#ID114" />
                </node>
                <node id="ID135" name="instance_23">
                    <matrix>1 0 0 -2.842171e-14 0 1 0 157.4803 0 0 1 -39.37008 0 0 0 1</matrix>
                    <instance_node url="#ID114" />
                </node>
                <node id="ID136" name="instance_24">
                    <matrix>1 0 0 118.1102 0 1 0 157.4803 0 0 1 -39.37008 0 0 0 1</matrix>
                    <instance_node url="#ID114" />
                </node>
                <node id="ID137" name="instance_25">
                    <matrix>1 0 0 157.4803 0 1 0 157.4803 0 0 1 -39.37008 0 0 0 1</matrix>
                    <instance_node url="#ID114" />
                </node>
                <node id="ID138" name="instance_26">
                    <matrix>1 0 0 196.8504 0 1 0 157.4803 0 0 1 -39.37008 0 0 0 1</matrix>
                    <instance_node url="#ID114" />
                </node>
                <node id="ID139" name="instance_27">
                    <matrix>1 0 0 -2.842171e-14 0 1 0 78.74016 0 0 1 -39.37008 0 0 0 1</matrix>
                    <instance_node url="#ID114" />
                </node>
                <node id="ID140" name="instance_28">
                    <matrix>1 0 0 -2.842171e-14 0 1 0 39.37008 0 0 1 7.105427e-15 0 0 0 1</matrix>
                    <instance_node url="#ID77" />
                </node>
                <node id="ID141" name="instance_29">
                    <matrix>1 0 0 -2.842171e-14 0 1 0 78.74016 0 0 1 9.769963e-15 0 0 0 1</matrix>
                    <instance_node url="#ID77" />
                </node>
                <node id="ID142" name="instance_30">
                    <matrix>1 0 0 -2.842171e-14 0 1 0 157.4803 0 0 1 1.421085e-14 0 0 0 1</matrix>
                    <instance_node url="#ID77" />
                </node>
                <node id="ID143" name="instance_31">
                    <matrix>1 0 0 78.74016 0 1 0 -1.421085e-14 0 0 1 7.105427e-15 0 0 0 1</matrix>
                    <instance_node url="#ID77" />
                </node>
                <node id="ID144" name="instance_32">
                    <matrix>1 0 0 118.1102 0 1 0 -1.421085e-14 0 0 1 9.769963e-15 0 0 0 1</matrix>
                    <instance_node url="#ID77" />
                </node>
                <node id="ID145" name="instance_33">
                    <matrix>1 0 0 157.4803 0 1 0 -1.421085e-14 0 0 1 1.24345e-14 0 0 0 1</matrix>
                    <instance_node url="#ID77" />
                </node>
                <node id="ID146" name="instance_34">
                    <matrix>1 0 0 196.8504 0 1 0 -1.421085e-14 0 0 1 1.509903e-14 0 0 0 1</matrix>
                    <instance_node url="#ID77" />
                </node>
                <node id="ID147" name="instance_35">
                    <matrix>1 0 0 196.8504 0 1 0 39.37008 0 0 1 1.509903e-14 0 0 0 1</matrix>
                    <instance_node url="#ID77" />
                </node>
                <node id="ID148" name="instance_36">
                    <matrix>1 0 0 78.74016 0 1 0 157.4803 0 0 1 0 0 0 0 1</matrix>
                    <instance_node url="#ID77" />
                </node>
                <node id="ID149" name="instance_37">
                    <matrix>1 0 0 118.1102 0 1 0 157.4803 0 0 1 0 0 0 0 1</matrix>
                    <instance_node url="#ID77" />
                </node>
                <node id="ID150" name="instance_38">
                    <matrix>1 0 0 196.8504 0 1 0 157.4803 0 0 1 7.105427e-15 0 0 0 1</matrix>
                    <instance_node url="#ID77" />
                </node>
                <node id="ID151" name="instance_39">
                    <matrix>1 0 0 157.4803 0 1 0 157.4803 0 0 1 3.552714e-15 0 0 0 1</matrix>
                    <instance_node url="#ID77" />
                </node>
                <node id="ID152" name="instance_40">
                    <matrix>1 0 0 0 0 1 0 0 0 0 1 39.37008 0 0 0 1</matrix>
                    <instance_node url="#ID77" />
                </node>
                <node id="ID153" name="instance_41">
                    <matrix>1 0 0 78.74016 0 1 0 -1.421085e-14 0 0 1 39.37008 0 0 0 1</matrix>
                    <instance_node url="#ID77" />
                </node>
                <node id="ID154" name="instance_42">
                    <matrix>1 0 0 -2.842171e-14 0 1 0 78.74016 0 0 1 39.37008 0 0 0 1</matrix>
                    <instance_node url="#ID77" />
                </node>
                <node id="ID155" name="instance_43">
                    <matrix>1 0 0 -2.842171e-14 0 1 0 39.37008 0 0 1 39.37008 0 0 0 1</matrix>
                    <instance_node url="#ID77" />
                </node>
                <node id="ID156" name="instance_44">
                    <matrix>1 0 0 -2.842171e-14 0 1 0 157.4803 0 0 1 39.37008 0 0 0 1</matrix>
                    <instance_node url="#ID77" />
                </node>
                <node id="ID157" name="instance_45">
                    <matrix>1 0 0 118.1102 0 1 0 -1.421085e-14 0 0 1 39.37008 0 0 0 1</matrix>
                    <instance_node url="#ID77" />
                </node>
                <node id="ID158" name="instance_46">
                    <matrix>1 0 0 196.8504 0 1 0 -1.421085e-14 0 0 1 39.37008 0 0 0 1</matrix>
                    <instance_node url="#ID77" />
                </node>
                <node id="ID159" name="instance_47">
                    <matrix>1 0 0 157.4803 0 1 0 -1.421085e-14 0 0 1 39.37008 0 0 0 1</matrix>
                    <instance_node url="#ID77" />
                </node>
                <node id="ID160" name="instance_48">
                    <matrix>1 0 0 118.1102 0 1 0 157.4803 0 0 1 39.37008 0 0 0 1</matrix>
                    <instance_node url="#ID77" />
                </node>
                <node id="ID161" name="instance_49">
                    <matrix>1 0 0 196.8504 0 1 0 157.4803 0 0 1 39.37008 0 0 0 1</matrix>
                    <instance_node url="#ID77" />
                </node>
                <node id="ID162" name="instance_50">
                    <matrix>1 0 0 78.74016 0 1 0 157.4803 0 0 1 39.37008 0 0 0 1</matrix>
                    <instance_node url="#ID77" />
                </node>
                <node id="ID163" name="instance_51">
                    <matrix>1 0 0 157.4803 0 1 0 157.4803 0 0 1 39.37008 0 0 0 1</matrix>
                    <instance_node url="#ID77" />
                </node>
                <node id="ID164" name="instance_52">
                    <matrix>1 0 0 78.74016 0 1 0 157.4803 0 0 1 78.74016 0 0 0 1</matrix>
                    <instance_node url="#ID77" />
                </node>
                <node id="ID165" name="instance_53">
                    <matrix>1 0 0 118.1102 0 1 0 157.4803 0 0 1 78.74016 0 0 0 1</matrix>
                    <instance_node url="#ID77" />
                </node>
                <node id="ID166" name="instance_54">
                    <matrix>1 0 0 157.4803 0 1 0 -1.421085e-14 0 0 1 78.74016 0 0 0 1</matrix>
                    <instance_node url="#ID77" />
                </node>
                <node id="ID167" name="instance_55">
                    <matrix>1 0 0 157.4803 0 1 0 157.4803 0 0 1 78.74016 0 0 0 1</matrix>
                    <instance_node url="#ID77" />
                </node>
                <node id="ID168" name="instance_56">
                    <matrix>1 0 0 196.8504 0 1 0 157.4803 0 0 1 78.74016 0 0 0 1</matrix>
                    <instance_node url="#ID77" />
                </node>
                <node id="ID169" name="instance_57">
                    <matrix>1 0 0 118.1102 0 1 0 -1.421085e-14 0 0 1 78.74016 0 0 0 1</matrix>
                    <instance_node url="#ID77" />
                </node>
                <node id="ID170" name="instance_58">
                    <matrix>1 0 0 196.8504 0 1 0 -1.421085e-14 0 0 1 78.74016 0 0 0 1</matrix>
                    <instance_node url="#ID77" />
                </node>
                <node id="ID171" name="instance_59">
                    <matrix>1 0 0 -2.842171e-14 0 1 0 78.74016 0 0 1 78.74016 0 0 0 1</matrix>
                    <instance_node url="#ID77" />
                </node>
                <node id="ID172" name="instance_60">
                    <matrix>1 0 0 -2.842171e-14 0 1 0 39.37008 0 0 1 78.74016 0 0 0 1</matrix>
                    <instance_node url="#ID77" />
                </node>
                <node id="ID173" name="instance_61">
                    <matrix>1 0 0 78.74016 0 1 0 -1.421085e-14 0 0 1 78.74016 0 0 0 1</matrix>
                    <instance_node url="#ID77" />
                </node>
                <node id="ID174" name="instance_62">
                    <matrix>1 0 0 -2.842171e-14 0 1 0 157.4803 0 0 1 78.74016 0 0 0 1</matrix>
                    <instance_node url="#ID77" />
                </node>
                <node id="ID175" name="instance_63">
                    <matrix>1 0 0 0 0 1 0 0 0 0 1 78.74016 0 0 0 1</matrix>
                    <instance_node url="#ID77" />
                </node>
                <node id="ID176" name="instance_64">
                    <matrix>1 0 0 196.8504 0 1 0 78.74016 0 0 1 78.74016 0 0 0 1</matrix>
                    <instance_node url="#ID77" />
                </node>
                <node id="ID177" name="instance_65">
                    <matrix>1 0 0 196.8504 0 1 0 39.37008 0 0 1 78.74016 0 0 0 1</matrix>
                    <instance_node url="#ID77" />
                </node>
                <node id="ID178" name="instance_66">
                    <matrix>1 0 0 275.5906 0 1 0 -1.421085e-14 0 0 1 -39.37008 0 0 0 1</matrix>
                    <instance_node url="#ID179" />
                </node>
                <node id="ID186" name="instance_67">
                    <matrix>1 0 0 236.2205 0 1 0 -1.421085e-14 0 0 1 -39.37008 0 0 0 1</matrix>
                    <instance_node url="#ID179" />
                </node>
                <node id="ID187" name="instance_68">
                    <matrix>1 0 0 275.5906 0 1 0 78.74016 0 0 1 -39.37008 0 0 0 1</matrix>
                    <instance_node url="#ID179" />
                </node>
                <node id="ID188" name="instance_69">
                    <matrix>1 0 0 236.2205 0 1 0 157.4803 0 0 1 -39.37008 0 0 0 1</matrix>
                    <instance_node url="#ID179" />
                </node>
                <node id="ID189" name="instance_70">
                    <matrix>1 0 0 236.2205 0 1 0 78.74016 0 0 1 -39.37008 0 0 0 1</matrix>
                    <instance_node url="#ID179" />
                </node>
                <node id="ID190" name="instance_71">
                    <matrix>1 0 0 236.2205 0 1 0 39.37008 0 0 1 -39.37008 0 0 0 1</matrix>
                    <instance_node url="#ID179" />
                </node>
                <node id="ID191" name="instance_72">
                    <matrix>1 0 0 275.5906 0 1 0 39.37008 0 0 1 -39.37008 0 0 0 1</matrix>
                    <instance_node url="#ID179" />
                </node>
                <node id="ID192" name="instance_73">
                    <matrix>1 0 0 275.5906 0 1 0 157.4803 0 0 1 -39.37008 0 0 0 1</matrix>
                    <instance_node url="#ID179" />
                </node>
                <node id="ID193" name="instance_74">
                    <matrix>1 0 0 196.8504 0 1 0 118.1102 0 0 1 78.74016 0 0 0 1</matrix>
                    <instance_node url="#ID77" />
                </node>
                <node id="ID194" name="instance_75">
                    <matrix>1 0 0 -1.421085e-13 0 1 0 118.1102 0 0 1 78.74016 0 0 0 1</matrix>
                    <instance_node url="#ID77" />
                </node>
                <node id="ID195" name="instance_76">
                    <matrix>1 0 0 196.8504 0 1 0 118.1102 0 0 1 39.37008 0 0 0 1</matrix>
                    <instance_node url="#ID77" />
                </node>
                <node id="ID196" name="instance_77">
                    <matrix>1 0 0 236.2205 0 1 0 118.1102 0 0 1 -39.37008 0 0 0 1</matrix>
                    <instance_node url="#ID179" />
                </node>
                <node id="ID197" name="instance_78">
                    <matrix>1 0 0 -1.421085e-13 0 1 0 118.1102 0 0 1 39.37008 0 0 0 1</matrix>
                    <instance_node url="#ID77" />
                </node>
                <node id="ID198" name="instance_79">
                    <matrix>1 0 0 118.1102 0 1 0 118.1102 0 0 1 -39.37008 0 0 0 1</matrix>
                    <instance_node url="#ID114" />
                </node>
                <node id="ID199" name="instance_80">
                    <matrix>1 0 0 157.4803 0 1 0 118.1102 0 0 1 -39.37008 0 0 0 1</matrix>
                    <instance_node url="#ID114" />
                </node>
                <node id="ID200" name="instance_81">
                    <matrix>1 0 0 78.74016 0 1 0 118.1102 0 0 1 -39.37008 0 0 0 1</matrix>
                    <instance_node url="#ID114" />
                </node>
                <node id="ID201" name="instance_82">
                    <matrix>1 0 0 -1.421085e-13 0 1 0 118.1102 0 0 1 -39.37008 0 0 0 1</matrix>
                    <instance_node url="#ID114" />
                </node>
                <node id="ID202" name="instance_83">
                    <matrix>1 0 0 196.8504 0 1 0 118.1102 0 0 1 -39.37008 0 0 0 1</matrix>
                    <instance_node url="#ID114" />
                </node>
                <node id="ID203" name="instance_84">
                    <matrix>1 0 0 275.5906 0 1 0 118.1102 0 0 1 -39.37008 0 0 0 1</matrix>
                    <instance_node url="#ID179" />
                </node>
                <node id="ID204" name="instance_85">
                    <matrix>1 0 0 -1.421085e-13 0 1 0 118.1102 0 0 1 2.131628e-14 0 0 0 1</matrix>
                    <instance_node url="#ID77" />
                </node>
                <node id="ID205" name="instance_86">
                    <matrix>1 0 0 196.8504 0 1 0 118.1102 0 0 1 1.421085e-14 0 0 0 1</matrix>
                    <instance_node url="#ID77" />
                </node>
                <node id="ID206" name="instance_87">
                    <matrix>1 0 0 118.1102 0 1 0 118.1102 0 0 1 2.131628e-14 0 0 0 1</matrix>
                    <instance_node url="#ID207" />
                </node>
                <node id="ID214" name="instance_88">
                    <matrix>1 0 0 78.74016 0 1 0 118.1102 0 0 1 39.37008 0 0 0 1</matrix>
                    <instance_node url="#ID207" />
                </node>
                <node id="ID215" name="instance_89">
                    <matrix>1 0 0 39.37008 0 1 0 118.1102 0 0 1 78.74016 0 0 0 1</matrix>
                    <instance_node url="#ID207" />
                </node>
                <node id="ID216" name="instance_90">
                    <matrix>1 0 0 39.37008 0 1 0 118.1102 0 0 1 39.37008 0 0 0 1</matrix>
                    <instance_node url="#ID207" />
                </node>
                <node id="ID217" name="instance_91">
                    <matrix>1 0 0 39.37008 0 1 0 118.1102 0 0 1 2.131628e-14 0 0 0 1</matrix>
                    <instance_node url="#ID207" />
                </node>
                <node id="ID218" name="instance_92">
                    <matrix>1 0 0 78.74016 0 1 0 118.1102 0 0 1 2.131628e-14 0 0 0 1</matrix>
                    <instance_node url="#ID207" />
                </node>
                <node id="ID219" name="instance_93">
                    <matrix>1 0 0 118.1102 0 1 0 39.37008 0 0 1 78.74016 0 0 0 1</matrix>
                    <instance_node url="#ID77" />
                </node>
                <node id="ID220" name="instance_94">
                    <matrix>1 0 0 157.4803 0 1 0 39.37008 0 0 1 78.74016 0 0 0 1</matrix>
                    <instance_node url="#ID77" />
                </node>
                <node id="ID221" name="instance_95">
                    <matrix>1 0 0 118.1102 0 1 0 78.74016 0 0 1 78.74016 0 0 0 1</matrix>
                    <instance_node url="#ID77" />
                </node>
                <node id="ID222" name="instance_96">
                    <matrix>1 0 0 157.4803 0 1 0 78.74016 0 0 1 78.74016 0 0 0 1</matrix>
                    <instance_node url="#ID77" />
                </node>
                <node id="ID223" name="instance_97">
                    <matrix>1 0 0 39.37008 0 1 0 118.1102 0 0 1 -39.37008 0 0 0 1</matrix>
                    <instance_node url="#ID114" />
                </node>
                <node id="ID224" name="instance_98">
                    <matrix>1 0 0 39.37008 0 1 0 157.4803 0 0 1 78.74016 0 0 0 1</matrix>
                    <instance_node url="#ID77" />
                </node>
                <node id="ID225" name="instance_99">
                    <matrix>1 0 0 39.37008 0 1 0 -1.421085e-14 0 0 1 78.74016 0 0 0 1</matrix>
                    <instance_node url="#ID77" />
                </node>
                <node id="ID226" name="instance_100">
                    <matrix>1 0 0 39.37008 0 1 0 157.4803 0 0 1 39.37008 0 0 0 1</matrix>
                    <instance_node url="#ID77" />
                </node>
                <node id="ID227" name="instance_101">
                    <matrix>1 0 0 39.37008 0 1 0 -1.421085e-14 0 0 1 0 0 0 0 1</matrix>
                    <instance_node url="#ID77" />
                </node>
                <node id="ID228" name="instance_102">
                    <matrix>1 0 0 39.37008 0 1 0 39.37008 0 0 1 -39.37008 0 0 0 1</matrix>
                    <instance_node url="#ID114" />
                </node>
                <node id="ID229" name="instance_103">
                    <matrix>1 0 0 39.37008 0 1 0 78.74016 0 0 1 -39.37008 0 0 0 1</matrix>
                    <instance_node url="#ID114" />
                </node>
                <node id="ID230" name="instance_104">
                    <matrix>1 0 0 39.37008 0 1 0 157.4803 0 0 1 -39.37008 0 0 0 1</matrix>
                    <instance_node url="#ID114" />
                </node>
                <node id="ID231" name="instance_105">
                    <matrix>1 0 0 39.37008 0 1 0 157.4803 0 0 1 1.421085e-14 0 0 0 1</matrix>
                    <instance_node url="#ID77" />
                </node>
                <node id="ID232" name="instance_106">
                    <matrix>1 0 0 39.37008 0 1 0 -1.421085e-14 0 0 1 39.37008 0 0 0 1</matrix>
                    <instance_node url="#ID77" />
                </node>
                <node id="ID233" name="instance_107">
                    <matrix>1 0 0 39.37008 0 1 0 -2.842171e-14 0 0 1 -39.37008 0 0 0 1</matrix>
                    <instance_node url="#ID114" />
                </node>
                <node id="ID234" name="instance_108">
                    <matrix>1 0 0 39.37008 0 1 0 78.74016 0 0 1 78.74016 0 0 0 1</matrix>
                    <instance_node url="#ID77" />
                </node>
                <node id="ID235" name="instance_109">
                    <matrix>1 0 0 39.37008 0 1 0 39.37008 0 0 1 78.74016 0 0 0 1</matrix>
                    <instance_node url="#ID77" />
                </node>
                <node id="ID236" name="instance_110">
                    <matrix>1 0 0 78.74016 0 1 0 39.37008 0 0 1 78.74016 0 0 0 1</matrix>
                    <instance_node url="#ID77" />
                </node>
                <node id="ID237" name="instance_111">
                    <matrix>1 0 0 78.74016 0 1 0 78.74016 0 0 1 78.74016 0 0 0 1</matrix>
                    <instance_node url="#ID77" />
                </node>
                <node id="ID238" name="instance_112">
                    <matrix>1 0 0 -1.421085e-13 0 1 0 118.1102 0 0 1 118.1102 0 0 0 1</matrix>
                    <instance_node url="#ID77" />
                </node>
                <node id="ID239" name="instance_113">
                    <matrix>1 0 0 196.8504 0 1 0 118.1102 0 0 1 118.1102 0 0 0 1</matrix>
                    <instance_node url="#ID77" />
                </node>
                <node id="ID240" name="instance_114">
                    <matrix>1 0 0 196.8504 0 1 0 39.37008 0 0 1 118.1102 0 0 0 1</matrix>
                    <instance_node url="#ID77" />
                </node>
                <node id="ID241" name="instance_115">
                    <matrix>1 0 0 39.37008 0 1 0 157.4803 0 0 1 118.1102 0 0 0 1</matrix>
                    <instance_node url="#ID77" />
                </node>
                <node id="ID242" name="instance_116">
                    <matrix>1 0 0 39.37008 0 1 0 -1.421085e-14 0 0 1 118.1102 0 0 0 1</matrix>
                    <instance_node url="#ID77" />
                </node>
                <node id="ID243" name="instance_117">
                    <matrix>1 0 0 196.8504 0 1 0 157.4803 0 0 1 118.1102 0 0 0 1</matrix>
                    <instance_node url="#ID77" />
                </node>
                <node id="ID244" name="instance_118">
                    <matrix>1 0 0 118.1102 0 1 0 -1.421085e-14 0 0 1 118.1102 0 0 0 1</matrix>
                    <instance_node url="#ID77" />
                </node>
                <node id="ID245" name="instance_119">
                    <matrix>1 0 0 -2.842171e-14 0 1 0 78.74016 0 0 1 118.1102 0 0 0 1</matrix>
                    <instance_node url="#ID77" />
                </node>
                <node id="ID246" name="instance_120">
                    <matrix>1 0 0 78.74016 0 1 0 -1.421085e-14 0 0 1 118.1102 0 0 0 1</matrix>
                    <instance_node url="#ID77" />
                </node>
                <node id="ID247" name="instance_121">
                    <matrix>1 0 0 -2.842171e-14 0 1 0 157.4803 0 0 1 118.1102 0 0 0 1</matrix>
                    <instance_node url="#ID77" />
                </node>
                <node id="ID248" name="instance_122">
                    <matrix>1 0 0 -2.842171e-14 0 1 0 39.37008 0 0 1 118.1102 0 0 0 1</matrix>
                    <instance_node url="#ID77" />
                </node>
                <node id="ID249" name="instance_123">
                    <matrix>1 0 0 196.8504 0 1 0 -1.421085e-14 0 0 1 118.1102 0 0 0 1</matrix>
                    <instance_node url="#ID77" />
                </node>
                <node id="ID250" name="instance_124">
                    <matrix>1 0 0 -1.421085e-13 0 1 0 -1.421085e-14 0 0 1 118.1102 0 0 0 1</matrix>
                    <instance_node url="#ID77" />
                </node>
                <node id="ID251" name="instance_125">
                    <matrix>1 0 0 118.1102 0 1 0 157.4803 0 0 1 118.1102 0 0 0 1</matrix>
                    <instance_node url="#ID77" />
                </node>
                <node id="ID252" name="instance_126">
                    <matrix>1 0 0 78.74016 0 1 0 157.4803 0 0 1 118.1102 0 0 0 1</matrix>
                    <instance_node url="#ID77" />
                </node>
                <node id="ID253" name="instance_127">
                    <matrix>1 0 0 157.4803 0 1 0 -1.421085e-14 0 0 1 118.1102 0 0 0 1</matrix>
                    <instance_node url="#ID77" />
                </node>
                <node id="ID254" name="instance_128">
                    <matrix>1 0 0 157.4803 0 1 0 157.4803 0 0 1 118.1102 0 0 0 1</matrix>
                    <instance_node url="#ID77" />
                </node>
                <node id="ID255" name="instance_129">
                    <matrix>1 0 0 196.8504 0 1 0 78.74016 0 0 1 118.1102 0 0 0 1</matrix>
                    <instance_node url="#ID77" />
                </node>
                <node id="ID256" name="instance_130">
                    <matrix>1 0 0 -1.421085e-13 0 1 0 118.1102 0 0 1 157.4803 0 0 0 1</matrix>
                    <instance_node url="#ID77" />
                </node>
                <node id="ID257" name="instance_131">
                    <matrix>1 0 0 196.8504 0 1 0 118.1102 0 0 1 157.4803 0 0 0 1</matrix>
                    <instance_node url="#ID77" />
                </node>
                <node id="ID258" name="instance_132">
                    <matrix>1 0 0 39.37008 0 1 0 157.4803 0 0 1 157.4803 0 0 0 1</matrix>
                    <instance_node url="#ID77" />
                </node>
                <node id="ID259" name="instance_133">
                    <matrix>1 0 0 39.37008 0 1 0 -1.421085e-14 0 0 1 157.4803 0 0 0 1</matrix>
                    <instance_node url="#ID77" />
                </node>
                <node id="ID260" name="instance_134">
                    <matrix>1 0 0 196.8504 0 1 0 157.4803 0 0 1 157.4803 0 0 0 1</matrix>
                    <instance_node url="#ID77" />
                </node>
                <node id="ID261" name="instance_135">
                    <matrix>1 0 0 118.1102 0 1 0 -1.421085e-14 0 0 1 157.4803 0 0 0 1</matrix>
                    <instance_node url="#ID77" />
                </node>
                <node id="ID262" name="instance_136">
                    <matrix>1 0 0 -2.842171e-14 0 1 0 78.74016 0 0 1 157.4803 0 0 0 1</matrix>
                    <instance_node url="#ID77" />
                </node>
                <node id="ID263" name="instance_137">
                    <matrix>1 0 0 78.74016 0 1 0 -1.421085e-14 0 0 1 157.4803 0 0 0 1</matrix>
                    <instance_node url="#ID77" />
                </node>
                <node id="ID264" name="instance_138">
                    <matrix>1 0 0 -2.842171e-14 0 1 0 157.4803 0 0 1 157.4803 0 0 0 1</matrix>
                    <instance_node url="#ID77" />
                </node>
                <node id="ID265" name="instance_139">
                    <matrix>1 0 0 -2.842171e-14 0 1 0 39.37008 0 0 1 157.4803 0 0 0 1</matrix>
                    <instance_node url="#ID77" />
                </node>
                <node id="ID266" name="instance_140">
                    <matrix>1 0 0 196.8504 0 1 0 -1.421085e-14 0 0 1 157.4803 0 0 0 1</matrix>
                    <instance_node url="#ID77" />
                </node>
                <node id="ID267" name="instance_141">
                    <matrix>1 0 0 -1.421085e-13 0 1 0 -1.421085e-14 0 0 1 157.4803 0 0 0 1</matrix>
                    <instance_node url="#ID77" />
                </node>
                <node id="ID268" name="instance_142">
                    <matrix>1 0 0 118.1102 0 1 0 157.4803 0 0 1 157.4803 0 0 0 1</matrix>
                    <instance_node url="#ID77" />
                </node>
                <node id="ID269" name="instance_143">
                    <matrix>1 0 0 78.74016 0 1 0 157.4803 0 0 1 157.4803 0 0 0 1</matrix>
                    <instance_node url="#ID77" />
                </node>
                <node id="ID270" name="instance_144">
                    <matrix>1 0 0 157.4803 0 1 0 -1.421085e-14 0 0 1 157.4803 0 0 0 1</matrix>
                    <instance_node url="#ID77" />
                </node>
                <node id="ID271" name="instance_145">
                    <matrix>1 0 0 157.4803 0 1 0 157.4803 0 0 1 157.4803 0 0 0 1</matrix>
                    <instance_node url="#ID77" />
                </node>
                <node id="ID272" name="instance_146">
                    <matrix>1 0 0 196.8504 0 1 0 78.74016 0 0 1 157.4803 0 0 0 1</matrix>
                    <instance_node url="#ID77" />
                </node>
                <node id="ID273" name="instance_147">
                    <matrix>1 0 0 -1.421085e-13 0 1 0 118.1102 0 0 1 196.8504 0 0 0 1</matrix>
                    <instance_node url="#ID77" />
                </node>
                <node id="ID274" name="instance_148">
                    <matrix>1 0 0 196.8504 0 1 0 118.1102 0 0 1 196.8504 0 0 0 1</matrix>
                    <instance_node url="#ID77" />
                </node>
                <node id="ID275" name="instance_149">
                    <matrix>1 0 0 196.8504 0 1 0 39.37008 0 0 1 196.8504 0 0 0 1</matrix>
                    <instance_node url="#ID77" />
                </node>
                <node id="ID276" name="instance_150">
                    <matrix>1 0 0 39.37008 0 1 0 157.4803 0 0 1 196.8504 0 0 0 1</matrix>
                    <instance_node url="#ID77" />
                </node>
                <node id="ID277" name="instance_151">
                    <matrix>1 0 0 39.37008 0 1 0 -1.421085e-14 0 0 1 196.8504 0 0 0 1</matrix>
                    <instance_node url="#ID77" />
                </node>
                <node id="ID278" name="instance_152">
                    <matrix>1 0 0 196.8504 0 1 0 157.4803 0 0 1 196.8504 0 0 0 1</matrix>
                    <instance_node url="#ID77" />
                </node>
                <node id="ID279" name="instance_153">
                    <matrix>1 0 0 118.1102 0 1 0 -1.421085e-14 0 0 1 196.8504 0 0 0 1</matrix>
                    <instance_node url="#ID77" />
                </node>
                <node id="ID280" name="instance_154">
                    <matrix>1 0 0 -2.842171e-14 0 1 0 78.74016 0 0 1 196.8504 0 0 0 1</matrix>
                    <instance_node url="#ID77" />
                </node>
                <node id="ID281" name="instance_155">
                    <matrix>1 0 0 78.74016 0 1 0 -1.421085e-14 0 0 1 196.8504 0 0 0 1</matrix>
                    <instance_node url="#ID77" />
                </node>
                <node id="ID282" name="instance_156">
                    <matrix>1 0 0 -2.842171e-14 0 1 0 157.4803 0 0 1 196.8504 0 0 0 1</matrix>
                    <instance_node url="#ID77" />
                </node>
                <node id="ID283" name="instance_157">
                    <matrix>1 0 0 -2.842171e-14 0 1 0 39.37008 0 0 1 196.8504 0 0 0 1</matrix>
                    <instance_node url="#ID77" />
                </node>
                <node id="ID284" name="instance_158">
                    <matrix>1 0 0 196.8504 0 1 0 -1.421085e-14 0 0 1 196.8504 0 0 0 1</matrix>
                    <instance_node url="#ID77" />
                </node>
                <node id="ID285" name="instance_159">
                    <matrix>1 0 0 -1.421085e-13 0 1 0 -1.421085e-14 0 0 1 196.8504 0 0 0 1</matrix>
                    <instance_node url="#ID77" />
                </node>
                <node id="ID286" name="instance_160">
                    <matrix>1 0 0 118.1102 0 1 0 157.4803 0 0 1 196.8504 0 0 0 1</matrix>
                    <instance_node url="#ID77" />
                </node>
                <node id="ID287" name="instance_161">
                    <matrix>1 0 0 78.74016 0 1 0 157.4803 0 0 1 196.8504 0 0 0 1</matrix>
                    <instance_node url="#ID77" />
                </node>
                <node id="ID288" name="instance_162">
                    <matrix>1 0 0 157.4803 0 1 0 -1.421085e-14 0 0 1 196.8504 0 0 0 1</matrix>
                    <instance_node url="#ID77" />
                </node>
                <node id="ID289" name="instance_163">
                    <matrix>1 0 0 157.4803 0 1 0 157.4803 0 0 1 196.8504 0 0 0 1</matrix>
                    <instance_node url="#ID77" />
                </node>
                <node id="ID290" name="instance_164">
                    <matrix>1 0 0 196.8504 0 1 0 78.74016 0 0 1 196.8504 0 0 0 1</matrix>
                    <instance_node url="#ID77" />
                </node>
                <node id="ID291" name="instance_165">
                    <matrix>1 0 0 -1.421085e-13 0 1 0 118.1102 0 0 1 236.2205 0 0 0 1</matrix>
                    <instance_node url="#ID77" />
                </node>
                <node id="ID292" name="instance_166">
                    <matrix>1 0 0 196.8504 0 1 0 118.1102 0 0 1 236.2205 0 0 0 1</matrix>
                    <instance_node url="#ID77" />
                </node>
                <node id="ID293" name="instance_167">
                    <matrix>1 0 0 196.8504 0 1 0 39.37008 0 0 1 236.2205 0 0 0 1</matrix>
                    <instance_node url="#ID77" />
                </node>
                <node id="ID294" name="instance_168">
                    <matrix>1 0 0 39.37008 0 1 0 157.4803 0 0 1 236.2205 0 0 0 1</matrix>
                    <instance_node url="#ID77" />
                </node>
                <node id="ID295" name="instance_169">
                    <matrix>1 0 0 39.37008 0 1 0 -1.421085e-14 0 0 1 236.2205 0 0 0 1</matrix>
                    <instance_node url="#ID77" />
                </node>
                <node id="ID296" name="instance_170">
                    <matrix>1 0 0 196.8504 0 1 0 157.4803 0 0 1 236.2205 0 0 0 1</matrix>
                    <instance_node url="#ID77" />
                </node>
                <node id="ID297" name="instance_171">
                    <matrix>1 0 0 118.1102 0 1 0 -1.421085e-14 0 0 1 236.2205 0 0 0 1</matrix>
                    <instance_node url="#ID77" />
                </node>
                <node id="ID298" name="instance_172">
                    <matrix>1 0 0 -2.842171e-14 0 1 0 78.74016 0 0 1 236.2205 0 0 0 1</matrix>
                    <instance_node url="#ID77" />
                </node>
                <node id="ID299" name="instance_173">
                    <matrix>1 0 0 78.74016 0 1 0 -1.421085e-14 0 0 1 236.2205 0 0 0 1</matrix>
                    <instance_node url="#ID77" />
                </node>
                <node id="ID300" name="instance_174">
                    <matrix>1 0 0 -2.842171e-14 0 1 0 157.4803 0 0 1 236.2205 0 0 0 1</matrix>
                    <instance_node url="#ID77" />
                </node>
                <node id="ID301" name="instance_175">
                    <matrix>1 0 0 -2.842171e-14 0 1 0 39.37008 0 0 1 236.2205 0 0 0 1</matrix>
                    <instance_node url="#ID77" />
                </node>
                <node id="ID302" name="instance_176">
                    <matrix>1 0 0 196.8504 0 1 0 -1.421085e-14 0 0 1 236.2205 0 0 0 1</matrix>
                    <instance_node url="#ID77" />
                </node>
                <node id="ID303" name="instance_177">
                    <matrix>1 0 0 -1.421085e-13 0 1 0 -1.421085e-14 0 0 1 236.2205 0 0 0 1</matrix>
                    <instance_node url="#ID77" />
                </node>
                <node id="ID304" name="instance_178">
                    <matrix>1 0 0 118.1102 0 1 0 157.4803 0 0 1 236.2205 0 0 0 1</matrix>
                    <instance_node url="#ID77" />
                </node>
                <node id="ID305" name="instance_179">
                    <matrix>1 0 0 78.74016 0 1 0 157.4803 0 0 1 236.2205 0 0 0 1</matrix>
                    <instance_node url="#ID77" />
                </node>
                <node id="ID306" name="instance_180">
                    <matrix>1 0 0 157.4803 0 1 0 -1.421085e-14 0 0 1 236.2205 0 0 0 1</matrix>
                    <instance_node url="#ID77" />
                </node>
                <node id="ID307" name="instance_181">
                    <matrix>1 0 0 157.4803 0 1 0 157.4803 0 0 1 236.2205 0 0 0 1</matrix>
                    <instance_node url="#ID77" />
                </node>
                <node id="ID308" name="instance_182">
                    <matrix>1 0 0 196.8504 0 1 0 78.74016 0 0 1 236.2205 0 0 0 1</matrix>
                    <instance_node url="#ID77" />
                </node>
                <node id="ID309" name="instance_183">
                    <matrix>1 0 0 196.8504 0 1 0 39.37008 0 0 1 157.4803 0 0 0 1</matrix>
                    <instance_node url="#ID89" />
                </node>
                <node id="ID310" name="instance_184">
                    <matrix>1 0 0 118.1102 0 1 0 39.37008 0 0 1 118.1102 0 0 0 1</matrix>
                    <instance_node url="#ID104" />
                </node>
                <node id="ID311" name="instance_185">
                    <matrix>1 0 0 118.1102 0 1 0 39.37008 0 0 1 275.5906 0 0 0 1</matrix>
                    <instance_node url="#ID77" />
                </node>
                <node id="ID312" name="instance_186">
                    <matrix>1 0 0 78.74016 0 1 0 39.37008 0 0 1 275.5906 0 0 0 1</matrix>
                    <instance_node url="#ID77" />
                </node>
                <node id="ID313" name="instance_187">
                    <matrix>1 0 0 39.37008 0 1 0 39.37008 0 0 1 275.5906 0 0 0 1</matrix>
                    <instance_node url="#ID77" />
                </node>
                <node id="ID314" name="instance_188">
                    <matrix>1 0 0 157.4803 0 1 0 39.37008 0 0 1 275.5906 0 0 0 1</matrix>
                    <instance_node url="#ID77" />
                </node>
                <node id="ID315" name="instance_189">
                    <matrix>1 0 0 118.1102 0 1 0 78.74016 0 0 1 275.5906 0 0 0 1</matrix>
                    <instance_node url="#ID77" />
                </node>
                <node id="ID316" name="instance_190">
                    <matrix>1 0 0 157.4803 0 1 0 78.74016 0 0 1 275.5906 0 0 0 1</matrix>
                    <instance_node url="#ID77" />
                </node>
                <node id="ID317" name="instance_191">
                    <matrix>1 0 0 39.37008 0 1 0 78.74016 0 0 1 275.5906 0 0 0 1</matrix>
                    <instance_node url="#ID77" />
                </node>
                <node id="ID318" name="instance_192">
                    <matrix>1 0 0 78.74016 0 1 0 78.74016 0 0 1 275.5906 0 0 0 1</matrix>
                    <instance_node url="#ID77" />
                </node>
                <node id="ID319" name="instance_193">
                    <matrix>1 0 0 39.37008 0 1 0 118.1102 0 0 1 275.5906 0 0 0 1</matrix>
                    <instance_node url="#ID77" />
                </node>
                <node id="ID320" name="instance_194">
                    <matrix>1 0 0 118.1102 0 1 0 118.1102 0 0 1 275.5906 0 0 0 1</matrix>
                    <instance_node url="#ID77" />
                </node>
                <node id="ID321" name="instance_195">
                    <matrix>1 0 0 157.4803 0 1 0 118.1102 0 0 1 275.5906 0 0 0 1</matrix>
                    <instance_node url="#ID77" />
                </node>
                <node id="ID322" name="instance_196">
                    <matrix>1 0 0 78.74016 0 1 0 118.1102 0 0 1 275.5906 0 0 0 1</matrix>
                    <instance_node url="#ID77" />
                </node>
                <node id="ID323" name="instance_197">
                    <matrix>1 0 0 196.8504 0 1 0 39.37008 0 0 1 275.5906 0 0 0 1</matrix>
                    <instance_node url="#ID77" />
                </node>
                <node id="ID324" name="instance_198">
                    <matrix>1 0 0 196.8504 0 1 0 78.74016 0 0 1 275.5906 0 0 0 1</matrix>
                    <instance_node url="#ID77" />
                </node>
                <node id="ID325" name="instance_199">
                    <matrix>1 0 0 196.8504 0 1 0 118.1102 0 0 1 275.5906 0 0 0 1</matrix>
                    <instance_node url="#ID77" />
                </node>
                <node id="ID326" name="instance_200">
                    <matrix>1 0 0 -1.421085e-13 0 1 0 39.37008 0 0 1 275.5906 0 0 0 1</matrix>
                    <instance_node url="#ID77" />
                </node>
                <node id="ID327" name="instance_201">
                    <matrix>1 0 0 -1.421085e-13 0 1 0 78.74016 0 0 1 275.5906 0 0 0 1</matrix>
                    <instance_node url="#ID77" />
                </node>
                <node id="ID328" name="instance_202">
                    <matrix>1 0 0 -1.421085e-13 0 1 0 118.1102 0 0 1 275.5906 0 0 0 1</matrix>
                    <instance_node url="#ID77" />
                </node>
            </node>
        </visual_scene>
    </library_visual_scenes>
    <library_nodes>
        <node id="ID5" name="cama_pie">
            <instance_geometry url="#ID6">
                <bind_material>
                    <technique_common>
                        <instance_material symbol="Material2" target="#ID7">
                            <bind_vertex_input semantic="UVSET0" input_semantic="TEXCOORD" input_set="0" />
                        </instance_material>
                        <instance_material symbol="Material3" target="#ID12">
                            <bind_vertex_input semantic="UVSET0" input_semantic="TEXCOORD" input_set="0" />
                        </instance_material>
                    </technique_common>
                </bind_material>
            </instance_geometry>
            <instance_geometry url="#ID16">
                <bind_material>
                    <technique_common>
                        <instance_material symbol="Material2" target="#ID12">
                            <bind_vertex_input semantic="UVSET0" input_semantic="TEXCOORD" input_set="0" />
                        </instance_material>
                    </technique_common>
                </bind_material>
            </instance_geometry>
        </node>
        <node id="ID23" name="cama_cabecera">
            <instance_geometry url="#ID24">
                <bind_material>
                    <technique_common>
                        <instance_material symbol="Material2" target="#ID7">
                            <bind_vertex_input semantic="UVSET0" input_semantic="TEXCOORD" input_set="0" />
                        </instance_material>
                        <instance_material symbol="Material3" target="#ID28">
                            <bind_vertex_input semantic="UVSET0" input_semantic="TEXCOORD" input_set="0" />
                        </instance_material>
                    </technique_common>
                </bind_material>
            </instance_geometry>
            <instance_geometry url="#ID32">
                <bind_material>
                    <technique_common>
                        <instance_material symbol="Material2" target="#ID28">
                            <bind_vertex_input semantic="UVSET0" input_semantic="TEXCOORD" input_set="0" />
                        </instance_material>
                    </technique_common>
                </bind_material>
            </instance_geometry>
        </node>
        <node id="ID46" name="puerta">
            <node id="ID47" name="instance_3">
                <matrix>1 0 0 0 0 1 0 0 0 0 1 0 0 0 0 1</matrix>
                <instance_node url="#ID48" />
            </node>
            <node id="ID55" name="instance_4">
                <matrix>1 0 0 0 0 1 0 0 0 0 1 39.37008 0 0 0 1</matrix>
                <instance_node url="#ID56" />
            </node>
        </node>
        <node id="ID48" name="puerta_inf_1">
            <instance_geometry url="#ID49">
                <bind_material>
                    <technique_common>
                        <instance_material symbol="Material2" target="#ID7">
                            <bind_vertex_input semantic="UVSET0" input_semantic="TEXCOORD" input_set="0" />
                        </instance_material>
                    </technique_common>
                </bind_material>
            </instance_geometry>
        </node>
        <node id="ID56" name="puerta_sup_1">
            <instance_geometry url="#ID57">
                <bind_material>
                    <technique_common>
                        <instance_material symbol="Material2" target="#ID58">
                            <bind_vertex_input semantic="UVSET0" input_semantic="TEXCOORD" input_set="0" />
                        </instance_material>
                    </technique_common>
                </bind_material>
            </instance_geometry>
        </node>
        <node id="ID77" name="pared">
            <instance_geometry url="#ID78">
                <bind_material>
                    <technique_common>
                        <instance_material symbol="Material2" target="#ID79">
                            <bind_vertex_input semantic="UVSET0" input_semantic="TEXCOORD" input_set="0" />
                        </instance_material>
                        <instance_material symbol="Material3" target="#ID84">
                            <bind_vertex_input semantic="UVSET0" input_semantic="TEXCOORD" input_set="0" />
                        </instance_material>
                    </technique_common>
                </bind_material>
            </instance_geometry>
        </node>
        <node id="ID89" name="ventana">
            <instance_geometry url="#ID90">
                <bind_material>
                    <technique_common>
                        <instance_material symbol="Material2" target="#ID91">
                            <bind_vertex_input semantic="UVSET0" input_semantic="TEXCOORD" input_set="0" />
                        </instance_material>
                    </technique_common>
                </bind_material>
            </instance_geometry>
        </node>
        <node id="ID104" name="baul">
            <instance_geometry url="#ID105">
                <bind_material>
                    <technique_common>
                        <instance_material symbol="Material2" target="#ID106">
                            <bind_vertex_input semantic="UVSET0" input_semantic="TEXCOORD" input_set="0" />
                        </instance_material>
                    </technique_common>
                </bind_material>
            </instance_geometry>
        </node>
        <node id="ID114" name="pared">
            <instance_geometry url="#ID115">
                <bind_material>
                    <technique_common>
                        <instance_material symbol="Material2" target="#ID7">
                            <bind_vertex_input semantic="UVSET0" input_semantic="TEXCOORD" input_set="0" />
                        </instance_material>
                        <instance_material symbol="Material3" target="#ID79">
                            <bind_vertex_input semantic="UVSET0" input_semantic="TEXCOORD" input_set="0" />
                        </instance_material>
                    </technique_common>
                </bind_material>
            </instance_geometry>
        </node>
        <node id="ID179" name="tierra">
            <instance_geometry url="#ID180">
                <bind_material>
                    <technique_common>
                        <instance_material symbol="Material2" target="#ID7">
                            <bind_vertex_input semantic="UVSET0" input_semantic="TEXCOORD" input_set="0" />
                        </instance_material>
                    </technique_common>
                </bind_material>
            </instance_geometry>
        </node>
        <node id="ID207" name="madera">
            <instance_geometry url="#ID208">
                <bind_material>
                    <technique_common>
                        <instance_material symbol="Material2" target="#ID84">
                            <bind_vertex_input semantic="UVSET0" input_semantic="TEXCOORD" input_set="0" />
                        </instance_material>
                    </technique_common>
                </bind_material>
            </instance_geometry>
        </node>
    </library_nodes>
    <library_geometries>
        <geometry id="ID6">
            <mesh>
                <source id="ID9">
                    <float_array id="ID14" count="204">35.43307 39.37008 7.874016 0 0 7.874016 0 39.37008 7.874016 35.43307 0 7.874016 35.43307 0 7.874016 35.43307 39.37008 7.874016 0 0 7.874016 0 39.37008 7.874016 39.37008 0 15.74803 35.43307 0 0 39.37008 0 0 35.43307 0 7.874016 0 0 7.874016 0 0 15.74803 0 0 15.74803 39.37008 0 15.74803 0 0 7.874016 35.43307 0 7.874016 35.43307 0 0 39.37008 0 0 0 39.37008 27.55906 0 0 15.74803 0 0 27.55906 0 0 7.874016 0 39.37008 7.874016 0 39.37008 15.74803 0 39.37008 15.74803 0 39.37008 27.55906 0 39.37008 7.874016 0 0 7.874016 0 0 15.74803 0 0 27.55906 0 39.37008 15.74803 35.43307 39.37008 7.874016 0 39.37008 7.874016 39.37008 39.37008 0 35.43307 39.37008 0 39.37008 39.37008 15.74803 0 39.37008 15.74803 35.43307 39.37008 7.874016 39.37008 39.37008 15.74803 39.37008 39.37008 0 35.43307 39.37008 0 0 39.37008 7.874016 35.43307 39.37008 7.874016 35.43307 0 0 35.43307 0 7.874016 35.43307 39.37008 0 35.43307 39.37008 0 35.43307 39.37008 7.874016 35.43307 0 0 35.43307 0 7.874016 39.37008 39.37008 0 35.43307 0 0 35.43307 39.37008 0 39.37008 0 0 39.37008 0 0 39.37008 39.37008 0 35.43307 0 0 35.43307 39.37008 0 39.37008 39.37008 0 39.37008 0 15.74803 39.37008 0 0 39.37008 39.37008 15.74803 39.37008 39.37008 15.74803 39.37008 39.37008 0 39.37008 0 15.74803 39.37008 0 0</float_array>
                    <technique_common>
                        <accessor count="68" source="#ID14" stride="3">
                            <param name="X" type="float" />
                            <param name="Y" type="float" />
                            <param name="Z" type="float" />
                        </accessor>
                    </technique_common>
                </source>
                <source id="ID10">
                    <float_array id="ID15" count="204">0 0 -1 0 0 -1 0 0 -1 0 0 -1 -0 -0 1 -0 -0 1 -0 -0 1 -0 -0 1 0 -1 0 0 -1 0 0 -1 0 0 -1 0 0 -1 0 0 -1 0 -0 1 -0 -0 1 -0 -0 1 -0 -0 1 -0 -0 1 -0 -0 1 -0 -1 0 0 -1 0 0 -1 0 0 -1 0 0 -1 0 0 -1 0 0 1 -0 -0 1 -0 -0 1 -0 -0 1 -0 -0 1 -0 -0 1 -0 -0 0 1 0 0 1 0 0 1 0 0 1 0 0 1 0 0 1 0 -0 -1 -0 -0 -1 -0 -0 -1 -0 -0 -1 -0 -0 -1 -0 -0 -1 -0 -1 0 0 -1 0 0 -1 0 0 -1 0 0 1 -0 -0 1 -0 -0 1 -0 -0 1 -0 -0 0 0 -1 0 0 -1 0 0 -1 0 0 -1 -0 -0 1 -0 -0 1 -0 -0 1 -0 -0 1 1 0 0 1 0 0 1 0 0 1 0 0 -1 -0 -0 -1 -0 -0 -1 -0 -0 -1 -0 -0</float_array>
                    <technique_common>
                        <accessor count="68" source="#ID15" stride="3">
                            <param name="X" type="float" />
                            <param name="Y" type="float" />
                            <param name="Z" type="float" />
                        </accessor>
                    </technique_common>
                </source>
                <vertices id="ID11">
                    <input semantic="POSITION" source="#ID9" />
                    <input semantic="NORMAL" source="#ID10" />
                </vertices>
                <triangles count="20" material="Material2">
                    <input offset="0" semantic="VERTEX" source="#ID11" />
                    <p>0 1 2 1 0 3 8 9 10 9 8 11 11 8 12 12 8 13 20 21 22 21 20 23 23 20 24 24 20 25 32 33 34 33 35 36 35 33 37 37 33 32 44 45 46 45 44 47 52 53 54 53 52 55 60 61 62 61 60 63</p>
                </triangles>
                <triangles count="20" material="Material3">
                    <input offset="0" semantic="VERTEX" source="#ID11" />
                    <p>4 5 6 7 6 5 14 15 16 16 15 17 17 15 18 19 18 15 26 27 28 28 27 29 29 27 30 31 30 27 38 39 40 40 39 41 42 41 39 43 39 38 48 49 50 51 50 49 56 57 58 59 58 57 64 65 66 67 66 65</p>
                </triangles>
            </mesh>
        </geometry>
        <geometry id="ID16">
            <mesh>
                <source id="ID17">
                    <float_array id="ID20" count="96">39.37008 39.37008 15.74803 39.37008 0 27.55906 39.37008 0 15.74803 39.37008 39.37008 27.55906 39.37008 39.37008 27.55906 39.37008 39.37008 15.74803 39.37008 0 27.55906 39.37008 0 15.74803 39.37008 0 27.55906 0 0 15.74803 39.37008 0 15.74803 0 0 27.55906 0 0 27.55906 39.37008 0 27.55906 0 0 15.74803 39.37008 0 15.74803 0 39.37008 27.55906 39.37008 39.37008 15.74803 0 39.37008 15.74803 39.37008 39.37008 27.55906 39.37008 39.37008 27.55906 0 39.37008 27.55906 39.37008 39.37008 15.74803 0 39.37008 15.74803 39.37008 0 27.55906 0 39.37008 27.55906 0 0 27.55906 39.37008 39.37008 27.55906 39.37008 39.37008 27.55906 39.37008 0 27.55906 0 39.37008 27.55906 0 0 27.55906</float_array>
                    <technique_common>
                        <accessor count="32" source="#ID20" stride="3">
                            <param name="X" type="float" />
                            <param name="Y" type="float" />
                            <param name="Z" type="float" />
                        </accessor>
                    </technique_common>
                </source>
                <source id="ID18">
                    <float_array id="ID21" count="96">1 0 0 1 0 0 1 0 0 1 0 0 -1 -0 -0 -1 -0 -0 -1 -0 -0 -1 -0 -0 0 -1 0 0 -1 0 0 -1 0 0 -1 0 -0 1 -0 -0 1 -0 -0 1 -0 -0 1 -0 0 1 0 0 1 0 0 1 0 0 1 0 -0 -1 -0 -0 -1 -0 -0 -1 -0 -0 -1 -0 0 0 1 0 0 1 0 0 1 0 0 1 -0 -0 -1 -0 -0 -1 -0 -0 -1 -0 -0 -1</float_array>
                    <technique_common>
                        <accessor count="32" source="#ID21" stride="3">
                            <param name="X" type="float" />
                            <param name="Y" type="float" />
                            <param name="Z" type="float" />
                        </accessor>
                    </technique_common>
                </source>
                <vertices id="ID19">
                    <input semantic="POSITION" source="#ID17" />
                    <input semantic="NORMAL" source="#ID18" />
                </vertices>
                <triangles count="16" material="Material2">
                    <input offset="0" semantic="VERTEX" source="#ID19" />
                    <p>0 1 2 1 0 3 4 5 6 7 6 5 8 9 10 9 8 11 12 13 14 15 14 13 16 17 18 17 16 19 20 21 22 23 22 21 24 25 26 25 24 27 28 29 30 31 30 29</p>
                </triangles>
            </mesh>
        </geometry>
        <geometry id="ID24">
            <mesh>
                <source id="ID25">
                    <float_array id="ID30" count="228">0 39.37008 39.37008 3.937008 39.37008 0 0 39.37008 0 3.937008 39.37008 7.874016 3.937008 39.37008 15.74803 39.37008 39.37008 7.874016 3.937008 39.37008 27.55906 3.937008 39.37008 39.37008 39.37008 39.37008 15.74803 3.937008 39.37008 15.74803 39.37008 39.37008 7.874016 39.37008 39.37008 15.74803 3.937008 39.37008 39.37008 0 39.37008 39.37008 3.937008 39.37008 27.55906 3.937008 39.37008 7.874016 3.937008 39.37008 0 0 39.37008 0 3.937008 39.37008 27.55906 3.937008 0 39.37008 3.937008 0 27.55906 3.937008 39.37008 39.37008 3.937008 39.37008 39.37008 3.937008 39.37008 27.55906 3.937008 0 39.37008 3.937008 0 27.55906 3.937008 39.37008 0 3.937008 0 7.874016 3.937008 0 0 3.937008 39.37008 7.874016 3.937008 39.37008 7.874016 3.937008 39.37008 0 3.937008 0 7.874016 3.937008 0 0 3.937008 39.37008 0 0 0 0 0 39.37008 0 3.937008 0 0 3.937008 0 0 3.937008 39.37008 0 0 0 0 0 39.37008 0 0 39.37008 39.37008 0 0 0 0 0 39.37008 0 39.37008 0 0 39.37008 0 0 39.37008 39.37008 0 0 0 0 0 39.37008 3.937008 0 39.37008 0 39.37008 39.37008 0 0 39.37008 3.937008 39.37008 39.37008 3.937008 39.37008 39.37008 3.937008 0 39.37008 0 39.37008 39.37008 0 0 39.37008 39.37008 0 15.74803 3.937008 0 7.874016 39.37008 0 7.874016 0 0 0 3.937008 0 0 0 0 39.37008 3.937008 0 15.74803 3.937008 0 27.55906 3.937008 0 39.37008 3.937008 0 39.37008 3.937008 0 27.55906 0 0 39.37008 3.937008 0 15.74803 39.37008 0 15.74803 3.937008 0 7.874016 0 0 0 3.937008 0 0 39.37008 0 7.874016</float_array>
                    <technique_common>
                        <accessor count="76" source="#ID30" stride="3">
                            <param name="X" type="float" />
                            <param name="Y" type="float" />
                            <param name="Z" type="float" />
                        </accessor>
                    </technique_common>
                </source>
                <source id="ID26">
                    <float_array id="ID31" count="228">0 1 0 0 1 0 0 1 0 0 1 0 0 1 0 0 1 0 0 1 0 0 1 0 0 1 0 -0 -1 -0 -0 -1 -0 -0 -1 -0 -0 -1 -0 -0 -1 -0 -0 -1 -0 -0 -1 -0 -0 -1 -0 -0 -1 -0 1 0 0 1 0 0 1 0 0 1 0 0 -1 -0 -0 -1 -0 -0 -1 -0 -0 -1 -0 -0 1 0 0 1 0 0 1 0 0 1 0 0 -1 -0 -0 -1 -0 -0 -1 -0 -0 -1 -0 -0 0 0 -1 0 0 -1 0 0 -1 0 0 -1 -0 -0 1 -0 -0 1 -0 -0 1 -0 -0 1 -1 0 0 -1 0 0 -1 0 0 -1 0 0 1 -0 -0 1 -0 -0 1 -0 -0 1 -0 -0 0 0 1 0 0 1 0 0 1 0 0 1 -0 -0 -1 -0 -0 -1 -0 -0 -1 -0 -0 -1 0 -1 0 0 -1 0 0 -1 0 0 -1 0 0 -1 0 0 -1 0 0 -1 0 0 -1 0 0 -1 0 -0 1 -0 -0 1 -0 -0 1 -0 -0 1 -0 -0 1 -0 -0 1 -0 -0 1 -0 -0 1 -0 -0 1 -0</float_array>
                    <technique_common>
                        <accessor count="76" source="#ID31" stride="3">
                            <param name="X" type="float" />
                            <param name="Y" type="float" />
                            <param name="Z" type="float" />
                        </accessor>
                    </technique_common>
                </source>
                <vertices id="ID27">
                    <input semantic="POSITION" source="#ID25" />
                    <input semantic="NORMAL" source="#ID26" />
                </vertices>
                <triangles count="24" material="Material2">
                    <input offset="0" semantic="VERTEX" source="#ID27" />
                    <p>0 1 2 1 0 3 3 0 4 3 4 5 4 0 6 6 0 7 8 5 4 18 19 20 19 18 21 26 27 28 27 26 29 34 35 36 35 34 37 42 43 44 43 42 45 50 51 52 51 50 53 58 59 60 59 61 62 61 59 63 63 59 64 64 59 58 63 64 65 63 65 66</p>
                </triangles>
                <triangles count="24" material="Material3">
                    <input offset="0" semantic="VERTEX" source="#ID27" />
                    <p>9 10 11 12 13 14 14 13 9 10 9 15 9 13 15 15 13 16 17 16 13 22 23 24 25 24 23 30 31 32 33 32 31 38 39 40 41 40 39 46 47 48 49 48 47 54 55 56 57 56 55 67 68 69 68 70 69 71 72 70 70 72 69 69 72 73 74 73 72 75 72 71</p>
                </triangles>
            </mesh>
        </geometry>
        <geometry id="ID32">
            <mesh>
                <source id="ID33">
                    <float_array id="ID36" count="132">39.37008 0 27.55906 3.937008 39.37008 27.55906 3.937008 0 27.55906 39.37008 39.37008 27.55906 39.37008 39.37008 27.55906 39.37008 0 27.55906 3.937008 39.37008 27.55906 3.937008 0 27.55906 39.37008 0 27.55906 3.937008 0 15.74803 39.37008 0 15.74803 3.937008 0 27.55906 3.937008 0 27.55906 39.37008 0 27.55906 3.937008 0 15.74803 39.37008 0 15.74803 39.37008 39.37008 7.874016 39.37008 0 15.74803 39.37008 0 7.874016 39.37008 0 27.55906 39.37008 39.37008 27.55906 39.37008 39.37008 15.74803 39.37008 39.37008 15.74803 39.37008 39.37008 7.874016 39.37008 39.37008 27.55906 39.37008 0 27.55906 39.37008 0 15.74803 39.37008 0 7.874016 3.937008 39.37008 27.55906 39.37008 39.37008 15.74803 3.937008 39.37008 15.74803 39.37008 39.37008 27.55906 39.37008 39.37008 27.55906 3.937008 39.37008 27.55906 39.37008 39.37008 15.74803 3.937008 39.37008 15.74803 39.37008 39.37008 7.874016 3.937008 0 7.874016 3.937008 39.37008 7.874016 39.37008 0 7.874016 39.37008 0 7.874016 39.37008 39.37008 7.874016 3.937008 0 7.874016 3.937008 39.37008 7.874016</float_array>
                    <technique_common>
                        <accessor count="44" source="#ID36" stride="3">
                            <param name="X" type="float" />
                            <param name="Y" type="float" />
                            <param name="Z" type="float" />
                        </accessor>
                    </technique_common>
                </source>
                <source id="ID34">
                    <float_array id="ID37" count="132">0 0 1 0 0 1 0 0 1 0 0 1 -0 -0 -1 -0 -0 -1 -0 -0 -1 -0 -0 -1 0 -1 0 0 -1 0 0 -1 0 0 -1 0 -0 1 -0 -0 1 -0 -0 1 -0 -0 1 -0 1 0 0 1 0 0 1 0 0 1 0 0 1 0 0 1 0 0 -1 -0 -0 -1 -0 -0 -1 -0 -0 -1 -0 -0 -1 -0 -0 -1 -0 -0 0 1 0 0 1 0 0 1 0 0 1 0 -0 -1 -0 -0 -1 -0 -0 -1 -0 -0 -1 -0 0 0 -1 0 0 -1 0 0 -1 0 0 -1 -0 -0 1 -0 -0 1 -0 -0 1 -0 -0 1</float_array>
                    <technique_common>
                        <accessor count="44" source="#ID37" stride="3">
                            <param name="X" type="float" />
                            <param name="Y" type="float" />
                            <param name="Z" type="float" />
                        </accessor>
                    </technique_common>
                </source>
                <vertices id="ID35">
                    <input semantic="POSITION" source="#ID33" />
                    <input semantic="NORMAL" source="#ID34" />
                </vertices>
                <triangles count="24" material="Material2">
                    <input offset="0" semantic="VERTEX" source="#ID35" />
                    <p>0 1 2 1 0 3 4 5 6 7 6 5 8 9 10 9 8 11 12 13 14 15 14 13 16 17 18 17 16 19 19 16 20 20 16 21 22 23 24 24 23 25 25 23 26 27 26 23 28 29 30 29 28 31 32 33 34 35 34 33 36 37 38 37 36 39 40 41 42 43 42 41</p>
                </triangles>
            </mesh>
        </geometry>
        <geometry id="ID38">
            <mesh>
                <source id="ID41">
                    <float_array id="ID43" count="24">0 39.37008 4.263256e-14 0 0 4.263256e-14 78.74016 39.37008 0 78.74016 39.37008 39.37008 78.74016 2.842171e-14 39.37008 0 2.842171e-14 39.37008 0 39.37008 39.37008 78.74016 0 0</float_array>
                    <technique_common>
                        <accessor count="8" source="#ID43" stride="3">
                            <param name="X" type="float" />
                            <param name="Y" type="float" />
                            <param name="Z" type="float" />
                        </accessor>
                    </technique_common>
                </source>
                <vertices id="ID42">
                    <input semantic="POSITION" source="#ID41" />
                </vertices>
                <lines count="12" material="Material2">
                    <input offset="0" semantic="VERTEX" source="#ID42" />
                    <p>1 0 2 0 2 3 3 4 4 5 6 5 4 7 3 6 7 2 0 6 7 1 5 1</p>
                </lines>
            </mesh>
        </geometry>
        <geometry id="ID49">
            <mesh>
                <source id="ID50">
                    <float_array id="ID53" count="144">39.37008 3.937008 0 39.37008 0 39.37008 39.37008 0 0 39.37008 3.937008 39.37008 39.37008 3.937008 39.37008 39.37008 3.937008 0 39.37008 0 39.37008 39.37008 0 0 39.37008 3.937008 0 0 0 0 0 3.937008 0 39.37008 0 0 39.37008 0 0 39.37008 3.937008 0 0 0 0 0 3.937008 0 0 3.937008 39.37008 39.37008 3.937008 0 0 3.937008 0 39.37008 3.937008 39.37008 39.37008 3.937008 39.37008 0 3.937008 39.37008 39.37008 3.937008 0 0 3.937008 0 39.37008 0 39.37008 0 3.937008 39.37008 0 0 39.37008 39.37008 3.937008 39.37008 39.37008 3.937008 39.37008 39.37008 0 39.37008 0 3.937008 39.37008 0 0 39.37008 39.37008 0 39.37008 0 0 0 39.37008 0 0 0 0 39.37008 0 0 39.37008 39.37008 0 39.37008 0 0 0 39.37008 0 0 0 3.937008 39.37008 0 0 0 0 0 39.37008 0 3.937008 0 0 3.937008 0 0 3.937008 39.37008 0 0 0 0 0 39.37008</float_array>
                    <technique_common>
                        <accessor count="48" source="#ID53" stride="3">
                            <param name="X" type="float" />
                            <param name="Y" type="float" />
                            <param name="Z" type="float" />
                        </accessor>
                    </technique_common>
                </source>
                <source id="ID51">
                    <float_array id="ID54" count="144">1 0 0 1 0 0 1 0 0 1 0 0 -1 -0 -0 -1 -0 -0 -1 -0 -0 -1 -0 -0 0 0 -1 0 0 -1 0 0 -1 0 0 -1 -0 -0 1 -0 -0 1 -0 -0 1 -0 -0 1 0 1 0 0 1 0 0 1 0 0 1 0 -0 -1 -0 -0 -1 -0 -0 -1 -0 -0 -1 -0 0 0 1 0 0 1 0 0 1 0 0 1 -0 -0 -1 -0 -0 -1 -0 -0 -1 -0 -0 -1 0 -1 0 0 -1 0 0 -1 0 0 -1 0 -0 1 -0 -0 1 -0 -0 1 -0 -0 1 -0 -1 0 0 -1 0 0 -1 0 0 -1 0 0 1 -0 -0 1 -0 -0 1 -0 -0 1 -0 -0</float_array>
                    <technique_common>
                        <accessor count="48" source="#ID54" stride="3">
                            <param name="X" type="float" />
                            <param name="Y" type="float" />
                            <param name="Z" type="float" />
                        </accessor>
                    </technique_common>
                </source>
                <vertices id="ID52">
                    <input semantic="POSITION" source="#ID50" />
                    <input semantic="NORMAL" source="#ID51" />
                </vertices>
                <triangles count="24" material="Material2">
                    <input offset="0" semantic="VERTEX" source="#ID52" />
                    <p>0 1 2 1 0 3 4 5 6 7 6 5 8 9 10 9 8 11 12 13 14 15 14 13 16 17 18 17 16 19 20 21 22 23 22 21 24 25 26 25 24 27 28 29 30 31 30 29 32 33 34 33 32 35 36 37 38 39 38 37 40 41 42 41 40 43 44 45 46 47 46 45</p>
                </triangles>
            </mesh>
        </geometry>
        <geometry id="ID57">
            <mesh>
                <source id="ID60">
                    <float_array id="ID63" count="144">39.37008 3.937008 0 39.37008 0 39.37008 39.37008 0 0 39.37008 3.937008 39.37008 39.37008 3.937008 39.37008 39.37008 3.937008 0 39.37008 0 39.37008 39.37008 0 0 39.37008 3.937008 0 0 0 0 0 3.937008 0 39.37008 0 0 39.37008 0 0 39.37008 3.937008 0 0 0 0 0 3.937008 0 0 3.937008 39.37008 39.37008 3.937008 0 0 3.937008 0 39.37008 3.937008 39.37008 39.37008 3.937008 39.37008 0 3.937008 39.37008 39.37008 3.937008 0 0 3.937008 0 39.37008 0 39.37008 0 3.937008 39.37008 0 0 39.37008 39.37008 3.937008 39.37008 39.37008 3.937008 39.37008 39.37008 0 39.37008 0 3.937008 39.37008 0 0 39.37008 39.37008 0 39.37008 0 0 0 39.37008 0 0 0 0 39.37008 0 0 39.37008 39.37008 0 39.37008 0 0 0 39.37008 0 0 0 3.937008 39.37008 0 0 0 0 0 39.37008 0 3.937008 0 0 3.937008 0 0 3.937008 39.37008 0 0 0 0 0 39.37008</float_array>
                    <technique_common>
                        <accessor count="48" source="#ID63" stride="3">
                            <param name="X" type="float" />
                            <param name="Y" type="float" />
                            <param name="Z" type="float" />
                        </accessor>
                    </technique_common>
                </source>
                <source id="ID61">
                    <float_array id="ID64" count="144">1 0 0 1 0 0 1 0 0 1 0 0 -1 -0 -0 -1 -0 -0 -1 -0 -0 -1 -0 -0 0 0 -1 0 0 -1 0 0 -1 0 0 -1 -0 -0 1 -0 -0 1 -0 -0 1 -0 -0 1 0 1 0 0 1 0 0 1 0 0 1 0 -0 -1 -0 -0 -1 -0 -0 -1 -0 -0 -1 -0 0 0 1 0 0 1 0 0 1 0 0 1 -0 -0 -1 -0 -0 -1 -0 -0 -1 -0 -0 -1 0 -1 0 0 -1 0 0 -1 0 0 -1 0 -0 1 -0 -0 1 -0 -0 1 -0 -0 1 -0 -1 0 0 -1 0 0 -1 0 0 -1 0 0 1 -0 -0 1 -0 -0 1 -0 -0 1 -0 -0</float_array>
                    <technique_common>
                        <accessor count="48" source="#ID64" stride="3">
                            <param name="X" type="float" />
                            <param name="Y" type="float" />
                            <param name="Z" type="float" />
                        </accessor>
                    </technique_common>
                </source>
                <vertices id="ID62">
                    <input semantic="POSITION" source="#ID60" />
                    <input semantic="NORMAL" source="#ID61" />
                </vertices>
                <triangles count="24" material="Material2">
                    <input offset="0" semantic="VERTEX" source="#ID62" />
                    <p>0 1 2 1 0 3 4 5 6 7 6 5 8 9 10 9 8 11 12 13 14 15 14 13 16 17 18 17 16 19 20 21 22 23 22 21 24 25 26 25 24 27 28 29 30 31 30 29 32 33 34 33 32 35 36 37 38 39 38 37 40 41 42 41 40 43 44 45 46 47 46 45</p>
                </triangles>
            </mesh>
        </geometry>
        <geometry id="ID65">
            <mesh>
                <source id="ID66">
                    <float_array id="ID68" count="24">39.37008 2.842171e-14 78.74016 39.37008 39.37008 78.74016 39.37008 2.842171e-14 0 39.37008 39.37008 0 7.105427e-15 39.37008 0 7.105427e-15 39.37008 78.74016 0 0 78.74016 0 0 0</float_array>
                    <technique_common>
                        <accessor count="8" source="#ID68" stride="3">
                            <param name="X" type="float" />
                            <param name="Y" type="float" />
                            <param name="Z" type="float" />
                        </accessor>
                    </technique_common>
                </source>
                <vertices id="ID67">
                    <input semantic="POSITION" source="#ID66" />
                </vertices>
                <lines count="12" material="Material2">
                    <input offset="0" semantic="VERTEX" source="#ID67" />
                    <p>1 0 2 0 3 2 4 3 4 5 6 5 7 6 7 4 2 7 0 6 5 1 3 1</p>
                </lines>
            </mesh>
        </geometry>
        <geometry id="ID72">
            <mesh>
                <source id="ID73">
                    <float_array id="ID75" count="24">0 39.37008 4.263256e-14 0 0 4.263256e-14 78.74016 39.37008 0 78.74016 39.37008 39.37008 78.74016 2.842171e-14 39.37008 0 2.842171e-14 39.37008 0 39.37008 39.37008 78.74016 0 0</float_array>
                    <technique_common>
                        <accessor count="8" source="#ID75" stride="3">
                            <param name="X" type="float" />
                            <param name="Y" type="float" />
                            <param name="Z" type="float" />
                        </accessor>
                    </technique_common>
                </source>
                <vertices id="ID74">
                    <input semantic="POSITION" source="#ID73" />
                </vertices>
                <lines count="12" material="Material2">
                    <input offset="0" semantic="VERTEX" source="#ID74" />
                    <p>1 0 2 0 2 3 3 4 4 5 6 5 4 7 3 6 7 2 0 6 7 1 5 1</p>
                </lines>
            </mesh>
        </geometry>
        <geometry id="ID78">
            <mesh>
                <source id="ID81">
                    <float_array id="ID86" count="144">39.37008 39.37008 0 39.37008 0 39.37008 39.37008 0 0 39.37008 39.37008 39.37008 39.37008 39.37008 39.37008 39.37008 39.37008 0 39.37008 0 39.37008 39.37008 0 0 39.37008 39.37008 0 0 0 0 0 39.37008 0 39.37008 0 0 39.37008 0 0 39.37008 39.37008 0 0 0 0 0 39.37008 0 0 39.37008 39.37008 39.37008 39.37008 0 0 39.37008 0 39.37008 39.37008 39.37008 39.37008 39.37008 39.37008 0 39.37008 39.37008 39.37008 39.37008 0 0 39.37008 0 39.37008 0 39.37008 0 39.37008 39.37008 0 0 39.37008 39.37008 39.37008 39.37008 39.37008 39.37008 39.37008 39.37008 0 39.37008 0 39.37008 39.37008 0 0 39.37008 39.37008 0 39.37008 0 0 0 39.37008 0 0 0 0 39.37008 0 0 39.37008 39.37008 0 39.37008 0 0 0 39.37008 0 0 0 39.37008 39.37008 0 0 0 0 0 39.37008 0 39.37008 0 0 39.37008 0 0 39.37008 39.37008 0 0 0 0 0 39.37008</float_array>
                    <technique_common>
                        <accessor count="48" source="#ID86" stride="3">
                            <param name="X" type="float" />
                            <param name="Y" type="float" />
                            <param name="Z" type="float" />
                        </accessor>
                    </technique_common>
                </source>
                <source id="ID82">
                    <float_array id="ID87" count="144">1 0 0 1 0 0 1 0 0 1 0 0 -1 -0 -0 -1 -0 -0 -1 -0 -0 -1 -0 -0 0 0 -1 0 0 -1 0 0 -1 0 0 -1 -0 -0 1 -0 -0 1 -0 -0 1 -0 -0 1 0 1 0 0 1 0 0 1 0 0 1 0 -0 -1 -0 -0 -1 -0 -0 -1 -0 -0 -1 -0 0 0 1 0 0 1 0 0 1 0 0 1 -0 -0 -1 -0 -0 -1 -0 -0 -1 -0 -0 -1 0 -1 0 0 -1 0 0 -1 0 0 -1 0 -0 1 -0 -0 1 -0 -0 1 -0 -0 1 -0 -1 0 0 -1 0 0 -1 0 0 -1 0 0 1 -0 -0 1 -0 -0 1 -0 -0 1 -0 -0</float_array>
                    <technique_common>
                        <accessor count="48" source="#ID87" stride="3">
                            <param name="X" type="float" />
                            <param name="Y" type="float" />
                            <param name="Z" type="float" />
                        </accessor>
                    </technique_common>
                </source>
                <vertices id="ID83">
                    <input semantic="POSITION" source="#ID81" />
                    <input semantic="NORMAL" source="#ID82" />
                </vertices>
                <triangles count="12" material="Material2">
                    <input offset="0" semantic="VERTEX" source="#ID83" />
                    <p>0 1 2 1 0 3 8 9 10 9 8 11 16 17 18 17 16 19 24 25 26 25 24 27 32 33 34 33 32 35 40 41 42 41 40 43</p>
                </triangles>
                <triangles count="12" material="Material3">
                    <input offset="0" semantic="VERTEX" source="#ID83" />
                    <p>4 5 6 7 6 5 12 13 14 15 14 13 20 21 22 23 22 21 28 29 30 31 30 29 36 37 38 39 38 37 44 45 46 47 46 45</p>
                </triangles>
            </mesh>
        </geometry>
        <geometry id="ID90">
            <mesh>
                <source id="ID96">
                    <float_array id="ID100" count="144">39.37008 39.37008 0 39.37008 0 39.37008 39.37008 0 0 39.37008 39.37008 39.37008 39.37008 39.37008 39.37008 39.37008 39.37008 0 39.37008 0 39.37008 39.37008 0 0 39.37008 39.37008 0 0 0 0 0 39.37008 0 39.37008 0 0 39.37008 0 0 39.37008 39.37008 0 0 0 0 0 39.37008 0 0 39.37008 39.37008 39.37008 39.37008 0 0 39.37008 0 39.37008 39.37008 39.37008 39.37008 39.37008 39.37008 0 39.37008 39.37008 39.37008 39.37008 0 0 39.37008 0 39.37008 0 39.37008 0 39.37008 39.37008 0 0 39.37008 39.37008 39.37008 39.37008 39.37008 39.37008 39.37008 39.37008 0 39.37008 0 39.37008 39.37008 0 0 39.37008 39.37008 0 39.37008 0 0 0 39.37008 0 0 0 0 39.37008 0 0 39.37008 39.37008 0 39.37008 0 0 0 39.37008 0 0 0 39.37008 39.37008 0 0 0 0 0 39.37008 0 39.37008 0 0 39.37008 0 0 39.37008 39.37008 0 0 0 0 0 39.37008</float_array>
                    <technique_common>
                        <accessor count="48" source="#ID100" stride="3">
                            <param name="X" type="float" />
                            <param name="Y" type="float" />
                            <param name="Z" type="float" />
                        </accessor>
                    </technique_common>
                </source>
                <source id="ID97">
                    <float_array id="ID101" count="144">1 0 0 1 0 0 1 0 0 1 0 0 -1 -0 -0 -1 -0 -0 -1 -0 -0 -1 -0 -0 0 0 -1 0 0 -1 0 0 -1 0 0 -1 -0 -0 1 -0 -0 1 -0 -0 1 -0 -0 1 0 1 0 0 1 0 0 1 0 0 1 0 -0 -1 -0 -0 -1 -0 -0 -1 -0 -0 -1 -0 0 0 1 0 0 1 0 0 1 0 0 1 -0 -0 -1 -0 -0 -1 -0 -0 -1 -0 -0 -1 0 -1 0 0 -1 0 0 -1 0 0 -1 0 -0 1 -0 -0 1 -0 -0 1 -0 -0 1 -0 -1 0 0 -1 0 0 -1 0 0 -1 0 0 1 -0 -0 1 -0 -0 1 -0 -0 1 -0 -0</float_array>
                    <technique_common>
                        <accessor count="48" source="#ID101" stride="3">
                            <param name="X" type="float" />
                            <param name="Y" type="float" />
                            <param name="Z" type="float" />
                        </accessor>
                    </technique_common>
                </source>
                <source id="ID99">
                    <float_array id="ID102" count="12">1.64042 0 0 1.64042 0 0 1.64042 1.64042 -1.64042 1.64042 -1.64042 0</float_array>
                    <technique_common>
                        <accessor count="6" source="#ID102" stride="2">
                            <param name="S" type="float" />
                            <param name="T" type="float" />
                        </accessor>
                    </technique_common>
                </source>
                <vertices id="ID98">
                    <input semantic="POSITION" source="#ID96" />
                    <input semantic="NORMAL" source="#ID97" />
                </vertices>
                <triangles count="24" material="Material2">
                    <input offset="0" semantic="VERTEX" source="#ID98" />
                    <input offset="1" semantic="TEXCOORD" source="#ID99" />
                    <p>0 0 1 1 2 2 1 1 0 0 3 3 4 3 5 0 6 1 7 2 6 1 5 0 8 4 9 2 10 1 9 2 8 4 11 5 12 5 13 4 14 2 15 1 14 2 13 4 16 1 17 5 18 2 17 5 16 1 19 4 20 4 21 1 22 5 23 2 22 5 21 1 24 0 25 1 26 2 25 1 24 0 27 3 28 3 29 0 30 1 31 2 30 1 29 0 32 3 33 2 34 0 33 2 32 3 35 1 36 1 37 3 38 2 39 0 38 2 37 3 40 4 41 2 42 1 41 2 40 4 43 5 44 5 45 4 46 2 47 1 46 2 45 4</p>
                </triangles>
            </mesh>
        </geometry>
        <geometry id="ID105">
            <mesh>
                <source id="ID108">
                    <float_array id="ID111" count="144">39.37008 39.37008 0 39.37008 0 39.37008 39.37008 0 0 39.37008 39.37008 39.37008 39.37008 39.37008 39.37008 39.37008 39.37008 0 39.37008 0 39.37008 39.37008 0 0 39.37008 39.37008 0 0 0 0 0 39.37008 0 39.37008 0 0 39.37008 0 0 39.37008 39.37008 0 0 0 0 0 39.37008 0 0 39.37008 39.37008 39.37008 39.37008 0 0 39.37008 0 39.37008 39.37008 39.37008 39.37008 39.37008 39.37008 0 39.37008 39.37008 39.37008 39.37008 0 0 39.37008 0 39.37008 0 39.37008 0 39.37008 39.37008 0 0 39.37008 39.37008 39.37008 39.37008 39.37008 39.37008 39.37008 39.37008 0 39.37008 0 39.37008 39.37008 0 0 39.37008 39.37008 0 39.37008 0 0 0 39.37008 0 0 0 0 39.37008 0 0 39.37008 39.37008 0 39.37008 0 0 0 39.37008 0 0 0 39.37008 39.37008 0 0 0 0 0 39.37008 0 39.37008 0 0 39.37008 0 0 39.37008 39.37008 0 0 0 0 0 39.37008</float_array>
                    <technique_common>
                        <accessor count="48" source="#ID111" stride="3">
                            <param name="X" type="float" />
                            <param name="Y" type="float" />
                            <param name="Z" type="float" />
                        </accessor>
                    </technique_common>
                </source>
                <source id="ID109">
                    <float_array id="ID112" count="144">1 0 0 1 0 0 1 0 0 1 0 0 -1 -0 -0 -1 -0 -0 -1 -0 -0 -1 -0 -0 0 0 -1 0 0 -1 0 0 -1 0 0 -1 -0 -0 1 -0 -0 1 -0 -0 1 -0 -0 1 0 1 0 0 1 0 0 1 0 0 1 0 -0 -1 -0 -0 -1 -0 -0 -1 -0 -0 -1 -0 0 0 1 0 0 1 0 0 1 0 0 1 -0 -0 -1 -0 -0 -1 -0 -0 -1 -0 -0 -1 0 -1 0 0 -1 0 0 -1 0 0 -1 0 -0 1 -0 -0 1 -0 -0 1 -0 -0 1 -0 -1 0 0 -1 0 0 -1 0 0 -1 0 0 1 -0 -0 1 -0 -0 1 -0 -0 1 -0 -0</float_array>
                    <technique_common>
                        <accessor count="48" source="#ID112" stride="3">
                            <param name="X" type="float" />
                            <param name="Y" type="float" />
                            <param name="Z" type="float" />
                        </accessor>
                    </technique_common>
                </source>
                <vertices id="ID110">
                    <input semantic="POSITION" source="#ID108" />
                    <input semantic="NORMAL" source="#ID109" />
                </vertices>
                <triangles count="24" material="Material2">
                    <input offset="0" semantic="VERTEX" source="#ID110" />
                    <p>0 1 2 1 0 3 4 5 6 7 6 5 8 9 10 9 8 11 12 13 14 15 14 13 16 17 18 17 16 19 20 21 22 23 22 21 24 25 26 25 24 27 28 29 30 31 30 29 32 33 34 33 32 35 36 37 38 39 38 37 40 41 42 41 40 43 44 45 46 47 46 45</p>
                </triangles>
            </mesh>
        </geometry>
        <geometry id="ID115">
            <mesh>
                <source id="ID116">
                    <float_array id="ID119" count="144">39.37008 39.37008 0 39.37008 0 39.37008 39.37008 0 0 39.37008 39.37008 39.37008 39.37008 39.37008 39.37008 39.37008 39.37008 0 39.37008 0 39.37008 39.37008 0 0 39.37008 39.37008 0 0 0 0 0 39.37008 0 39.37008 0 0 39.37008 0 0 39.37008 39.37008 0 0 0 0 0 39.37008 0 0 39.37008 39.37008 39.37008 39.37008 0 0 39.37008 0 39.37008 39.37008 39.37008 39.37008 39.37008 39.37008 0 39.37008 39.37008 39.37008 39.37008 0 0 39.37008 0 39.37008 0 39.37008 0 39.37008 39.37008 0 0 39.37008 39.37008 39.37008 39.37008 39.37008 39.37008 39.37008 39.37008 0 39.37008 0 39.37008 39.37008 0 0 39.37008 39.37008 0 39.37008 0 0 0 39.37008 0 0 0 0 39.37008 0 0 39.37008 39.37008 0 39.37008 0 0 0 39.37008 0 0 0 39.37008 39.37008 0 0 0 0 0 39.37008 0 39.37008 0 0 39.37008 0 0 39.37008 39.37008 0 0 0 0 0 39.37008</float_array>
                    <technique_common>
                        <accessor count="48" source="#ID119" stride="3">
                            <param name="X" type="float" />
                            <param name="Y" type="float" />
                            <param name="Z" type="float" />
                        </accessor>
                    </technique_common>
                </source>
                <source id="ID117">
                    <float_array id="ID120" count="144">1 0 0 1 0 0 1 0 0 1 0 0 -1 -0 -0 -1 -0 -0 -1 -0 -0 -1 -0 -0 0 0 -1 0 0 -1 0 0 -1 0 0 -1 -0 -0 1 -0 -0 1 -0 -0 1 -0 -0 1 0 1 0 0 1 0 0 1 0 0 1 0 -0 -1 -0 -0 -1 -0 -0 -1 -0 -0 -1 -0 0 0 1 0 0 1 0 0 1 0 0 1 -0 -0 -1 -0 -0 -1 -0 -0 -1 -0 -0 -1 0 -1 0 0 -1 0 0 -1 0 0 -1 0 -0 1 -0 -0 1 -0 -0 1 -0 -0 1 -0 -1 0 0 -1 0 0 -1 0 0 -1 0 0 1 -0 -0 1 -0 -0 1 -0 -0 1 -0 -0</float_array>
                    <technique_common>
                        <accessor count="48" source="#ID120" stride="3">
                            <param name="X" type="float" />
                            <param name="Y" type="float" />
                            <param name="Z" type="float" />
                        </accessor>
                    </technique_common>
                </source>
                <vertices id="ID118">
                    <input semantic="POSITION" source="#ID116" />
                    <input semantic="NORMAL" source="#ID117" />
                </vertices>
                <triangles count="12" material="Material3">
                    <input offset="0" semantic="VERTEX" source="#ID118" />
                    <p>0 1 2 1 0 3 8 9 10 9 8 11 16 17 18 17 16 19 24 25 26 25 24 27 32 33 34 33 32 35 40 41 42 41 40 43</p>
                </triangles>
                <triangles count="12" material="Material2">
                    <input offset="0" semantic="VERTEX" source="#ID118" />
                    <p>4 5 6 7 6 5 12 13 14 15 14 13 20 21 22 23 22 21 28 29 30 31 30 29 36 37 38 39 38 37 44 45 46 47 46 45</p>
                </triangles>
            </mesh>
        </geometry>
        <geometry id="ID180">
            <mesh>
                <source id="ID181">
                    <float_array id="ID184" count="144">39.37008 39.37008 0 39.37008 0 39.37008 39.37008 0 0 39.37008 39.37008 39.37008 39.37008 39.37008 39.37008 39.37008 39.37008 0 39.37008 0 39.37008 39.37008 0 0 39.37008 39.37008 0 0 0 0 0 39.37008 0 39.37008 0 0 39.37008 0 0 39.37008 39.37008 0 0 0 0 0 39.37008 0 0 39.37008 39.37008 39.37008 39.37008 0 0 39.37008 0 39.37008 39.37008 39.37008 39.37008 39.37008 39.37008 0 39.37008 39.37008 39.37008 39.37008 0 0 39.37008 0 39.37008 0 39.37008 0 39.37008 39.37008 0 0 39.37008 39.37008 39.37008 39.37008 39.37008 39.37008 39.37008 39.37008 0 39.37008 0 39.37008 39.37008 0 0 39.37008 39.37008 0 39.37008 0 0 0 39.37008 0 0 0 0 39.37008 0 0 39.37008 39.37008 0 39.37008 0 0 0 39.37008 0 0 0 39.37008 39.37008 0 0 0 0 0 39.37008 0 39.37008 0 0 39.37008 0 0 39.37008 39.37008 0 0 0 0 0 39.37008</float_array>
                    <technique_common>
                        <accessor count="48" source="#ID184" stride="3">
                            <param name="X" type="float" />
                            <param name="Y" type="float" />
                            <param name="Z" type="float" />
                        </accessor>
                    </technique_common>
                </source>
                <source id="ID182">
                    <float_array id="ID185" count="144">1 0 0 1 0 0 1 0 0 1 0 0 -1 -0 -0 -1 -0 -0 -1 -0 -0 -1 -0 -0 0 0 -1 0 0 -1 0 0 -1 0 0 -1 -0 -0 1 -0 -0 1 -0 -0 1 -0 -0 1 0 1 0 0 1 0 0 1 0 0 1 0 -0 -1 -0 -0 -1 -0 -0 -1 -0 -0 -1 -0 0 0 1 0 0 1 0 0 1 0 0 1 -0 -0 -1 -0 -0 -1 -0 -0 -1 -0 -0 -1 0 -1 0 0 -1 0 0 -1 0 0 -1 0 -0 1 -0 -0 1 -0 -0 1 -0 -0 1 -0 -1 0 0 -1 0 0 -1 0 0 -1 0 0 1 -0 -0 1 -0 -0 1 -0 -0 1 -0 -0</float_array>
                    <technique_common>
                        <accessor count="48" source="#ID185" stride="3">
                            <param name="X" type="float" />
                            <param name="Y" type="float" />
                            <param name="Z" type="float" />
                        </accessor>
                    </technique_common>
                </source>
                <vertices id="ID183">
                    <input semantic="POSITION" source="#ID181" />
                    <input semantic="NORMAL" source="#ID182" />
                </vertices>
                <triangles count="24" material="Material2">
                    <input offset="0" semantic="VERTEX" source="#ID183" />
                    <p>0 1 2 1 0 3 4 5 6 7 6 5 8 9 10 9 8 11 12 13 14 15 14 13 16 17 18 17 16 19 20 21 22 23 22 21 24 25 26 25 24 27 28 29 30 31 30 29 32 33 34 33 32 35 36 37 38 39 38 37 40 41 42 41 40 43 44 45 46 47 46 45</p>
                </triangles>
            </mesh>
        </geometry>
        <geometry id="ID208">
            <mesh>
                <source id="ID209">
                    <float_array id="ID212" count="72">39.37008 39.37008 0 39.37008 0 39.37008 39.37008 0 0 39.37008 39.37008 39.37008 39.37008 39.37008 0 0 0 0 0 39.37008 0 39.37008 0 0 0 39.37008 39.37008 39.37008 39.37008 0 0 39.37008 0 39.37008 39.37008 39.37008 39.37008 0 39.37008 0 39.37008 39.37008 0 0 39.37008 39.37008 39.37008 39.37008 39.37008 0 39.37008 0 0 0 39.37008 0 0 0 0 39.37008 0 39.37008 39.37008 0 0 0 0 0 39.37008 0 39.37008 0</float_array>
                    <technique_common>
                        <accessor count="24" source="#ID212" stride="3">
                            <param name="X" type="float" />
                            <param name="Y" type="float" />
                            <param name="Z" type="float" />
                        </accessor>
                    </technique_common>
                </source>
                <source id="ID210">
                    <float_array id="ID213" count="72">1 0 0 1 0 0 1 0 0 1 0 0 0 0 -1 0 0 -1 0 0 -1 0 0 -1 0 1 0 0 1 0 0 1 0 0 1 0 0 0 1 0 0 1 0 0 1 0 0 1 0 -1 0 0 -1 0 0 -1 0 0 -1 0 -1 0 0 -1 0 0 -1 0 0 -1 0 0</float_array>
                    <technique_common>
                        <accessor count="24" source="#ID213" stride="3">
                            <param name="X" type="float" />
                            <param name="Y" type="float" />
                            <param name="Z" type="float" />
                        </accessor>
                    </technique_common>
                </source>
                <vertices id="ID211">
                    <input semantic="POSITION" source="#ID209" />
                    <input semantic="NORMAL" source="#ID210" />
                </vertices>
                <triangles count="12" material="Material2">
                    <input offset="0" semantic="VERTEX" source="#ID211" />
                    <p>0 1 2 1 0 3 4 5 6 5 4 7 8 9 10 9 8 11 12 13 14 13 12 15 16 17 18 17 16 19 20 21 22 21 20 23</p>
                </triangles>
            </mesh>
        </geometry>
    </library_geometries>
    <library_materials>
        <material id="ID7" name="Color_C07">
            <instance_effect url="#ID8" />
        </material>
        <material id="ID12" name="Color_A03">
            <instance_effect url="#ID13" />
        </material>
        <material id="ID28" name="Color_A02">
            <instance_effect url="#ID29" />
        </material>
        <material id="ID39" name="edge_color000255">
            <instance_effect url="#ID40" />
        </material>
        <material id="ID58" name="Color_C06">
            <instance_effect url="#ID59" />
        </material>
        <material id="ID79" name="Color_M03">
            <instance_effect url="#ID80" />
        </material>
        <material id="ID84" name="Color_D07">
            <instance_effect url="#ID85" />
        </material>
        <material id="ID91" name="Translucent_Glass_Tinted">
            <instance_effect url="#ID92" />
        </material>
        <material id="ID106" name="Color_D08">
            <instance_effect url="#ID107" />
        </material>
    </library_materials>
    <library_effects>
        <effect id="ID8">
            <profile_COMMON>
                <technique sid="COMMON">
                    <lambert>
                        <diffuse>
                            <color>0.6 0.2980392 0 1</color>
                        </diffuse>
                    </lambert>
                </technique>
            </profile_COMMON>
        </effect>
        <effect id="ID13">
            <profile_COMMON>
                <technique sid="COMMON">
                    <lambert>
                        <diffuse>
                            <color>1 0.3960784 0.3960784 1</color>
                        </diffuse>
                    </lambert>
                </technique>
            </profile_COMMON>
        </effect>
        <effect id="ID29">
            <profile_COMMON>
                <technique sid="COMMON">
                    <lambert>
                        <diffuse>
                            <color>1 0.6 0.6 1</color>
                        </diffuse>
                    </lambert>
                </technique>
            </profile_COMMON>
        </effect>
        <effect id="ID40">
            <profile_COMMON>
                <technique sid="COMMON">
                    <constant>
                        <transparent opaque="A_ONE">
                            <color>0 0 0 1</color>
                        </transparent>
                        <transparency>
                            <float>1</float>
                        </transparency>
                    </constant>
                </technique>
            </profile_COMMON>
        </effect>
        <effect id="ID59">
            <profile_COMMON>
                <technique sid="COMMON">
                    <lambert>
                        <diffuse>
                            <color>0.8 0.4 0 1</color>
                        </diffuse>
                    </lambert>
                </technique>
            </profile_COMMON>
        </effect>
        <effect id="ID80">
            <profile_COMMON>
                <technique sid="COMMON">
                    <lambert>
                        <diffuse>
                            <color>0.6666667 0.6666667 0.6666667 1</color>
                        </diffuse>
                    </lambert>
                </technique>
            </profile_COMMON>
        </effect>
        <effect id="ID85">
            <profile_COMMON>
                <technique sid="COMMON">
                    <lambert>
                        <diffuse>
                            <color>0.6 0.4470588 0 1</color>
                        </diffuse>
                    </lambert>
                </technique>
            </profile_COMMON>
        </effect>
        <effect id="ID92">
            <profile_COMMON>
                <newparam sid="ID94">
                    <surface type="2D">
                        <init_from>ID93</init_from>
                    </surface>
                </newparam>
                <newparam sid="ID95">
                    <sampler2D>
                        <source>ID94</source>
                    </sampler2D>
                </newparam>
                <technique sid="COMMON">
                    <lambert>
                        <diffuse>
                            <texture texture="ID95" texcoord="UVSET0" />
                        </diffuse>
                        <transparent opaque="RGB_ZERO">
                            <color>0.52 0.52 0.52 1</color>
                        </transparent>
                        <transparency>
                            <float>1</float>
                        </transparency>
                    </lambert>
                </technique>
            </profile_COMMON>
        </effect>
        <effect id="ID107">
            <profile_COMMON>
                <technique sid="COMMON">
                    <lambert>
                        <diffuse>
                            <color>0.4 0.2980392 0 1</color>
                        </diffuse>
                    </lambert>
                </technique>
            </profile_COMMON>
        </effect>
    </library_effects>
    <library_images>
        <image id="ID93">
            <init_from>casa_pared_piedra_2pisos/Translucent_Glass_Tinted.jpg</init_from>
        </image>
    </library_images>
    <scene>
        <instance_visual_scene url="#ID2" />
    </scene>
</COLLADA>
